cctvid,roadsection,px,py,url,status,AgencyCodes,LocalCallService,Extension,CountyCode,AreaCode,PostalCode
66000C000001,"中清路/環中路(右側車流往文心路),Zhongqing Rd./Huanzhong Rd. (Right side Traffic flow to Wenxin Rd.)",120.6556,24.19963,https://motoretag.taichung.gov.tw/ATIS_TCC/Device/Showcctv?id=C000001,0,387000000A,(04)22289111,60221,66000,66000060,407
66000C000002,"中清路/經貿七路(右側車流往大雅交流道),Zhongqing Rd./Jingmao 7th Rd. (Right side Traffic flow to Daya Interchange)",120.6598,24.19304,https://motoretag.taichung.gov.tw/ATIS_TCC/Device/Showcctv?id=C000002,0,387000000A,(04)22289111,60221,66000,66000060,407
66000C000003,"中清路/黎明路(右側車流往環中路),Zhongqing Rd./Liming Rd. (Right side Traffic flow to Huanzhong Rd.)",120.6574,24.19665,https://motoretag.taichung.gov.tw/ATIS_TCC/Device/Showcctv?id=C000003,0,387000000A,(04)22289111,60221,66000,66000060,407
66000C000004,"中清路/清武巷(右側車流往文心路),Zhongqing Rd./Qingwu Ln. (Right side Traffic flow to Wenxin Rd.)",120.6552,24.20048,https://motoretag.taichung.gov.tw/ATIS_TCC/Device/Showcctv?id=C000004,0,387000000A,(04)22289111,60221,66000,66000060,407
66000C000005,"臺灣大道/黎明路(車流往台中交流道),Taiwan Blvd/Liming Rd. (Right side Traffic flow to Taichung Interchange)",120.6365,24.17127,https://motoretag.taichung.gov.tw/ATIS_TCC/Device/Showcctv?id=C000005,0,387000000A,(04)22289111,60221,66000,66000060,407
66000C000006,"臺灣大道/朝富路(右側車流往台中交流道),Taiwan Blvd/Chaofu Rd. (Right side Traffic flow to Taichung Interchange)",120.6388,24.16926,https://motoretag.taichung.gov.tw/ATIS_TCC/Device/Showcctv?id=C000006,0,387000000A,(04)22289111,60221,66000,66000060,407
66000C000007,"朝富路/臺灣大道(右側車流往市政路),Chaofu Rd./Taiwan Blvd (Right side Traffic flow to Shizheng Rd.)",120.6393,24.16921,https://motoretag.taichung.gov.tw/ATIS_TCC/Device/Showcctv?id=C000007,0,387000000A,(04)22289111,60221,66000,66000060,407
66000C000008,"河南路/福星路(右側車流往臺灣大道),Henan Rd./Fuxing Rd. (Right side Traffic flow to Taiwan Blvd)",120.6478,24.1743,https://motoretag.taichung.gov.tw/ATIS_TCC/Device/Showcctv?id=C000008,0,387000000A,(04)22289111,60221,66000,66000060,407
66000C000009,"黎明路/朝馬路(右側車流往臺灣大道),Liming Rd./Chaoma Rd. (Right side Traffic flow to Taiwan Blvd)",120.636,24.16921,https://motoretag.taichung.gov.tw/ATIS_TCC/Device/Showcctv?id=C000009,0,387000000A,(04)22289111,60221,66000,66000060,407
66000C000010,"福科路/黎明路(右側車流往西屯路),Fuke Rd./Liming Rd. (Right side Traffic flow to Xitun Rd.)",120.6375,24.17896,https://motoretag.taichung.gov.tw/ATIS_TCC/Device/Showcctv?id=C000010,0,387000000A,(04)22289111,60221,66000,66000060,407
66000C000011,"環中路東側/五權西路(車流往市政路),East side of Huanzhong Rd./Wuquan W. Rd. (traffic to Shizheng Rd.)",120.6238,24.14933,https://motoretag.taichung.gov.tw/ATIS_TCC/Device/Showcctv?id=C000011,0,387000000A,(04)22289111,60221,66000,66000060,407
66000C000013,"五權西路/文心路(右側車流往南屯交流道),Wuquan W. Rd./Wenxin Rd. (Right side Traffic flow to Nantun Interchange)",120.6466,24.14004,https://motoretag.taichung.gov.tw/ATIS_TCC/Device/Showcctv?id=C000013,0,387000000A,(04)22289111,60221,66000,66000060,407
66000C000014,"朝富路、朝馬路(右側車流往臺灣大道),Chaofu Rd./Chaoma Rd. (Right side Traffic flow to Taiwan Blvd)",120.6383,24.16759,https://motoretag.taichung.gov.tw/ATIS_TCC/Device/Showcctv?id=C000014,0,387000000A,(04)22289111,60221,66000,66000060,407
66000C000015,"大雅交流道/環中路(右側車流往大雅交流道),Daya IC/Huanzhong Rd. (Right side Traffic flow to Daya Interchange)",120.6565,24.19983,https://motoretag.taichung.gov.tw/ATIS_TCC/Device/Showcctv?id=C000015,0,387000000A,(04)22289111,60221,66000,66000060,407
66000C000017,"臺灣大道/大墩路(右側車流往台中交流道),Taiwan Blvd/Dadun Rd. (Right side Traffic flow to Taichung Interchange)",120.6532,24.16068,https://motoretag.taichung.gov.tw/ATIS_TCC/Device/Showcctv?id=C000017,0,387000000A,(04)22289111,60221,66000,66000060,407
66000C000018,"臺灣大道/英才路(右側車流往台中交流道),Taiwan Blvd/Yingcai Rd. (Right side Traffic flow to Taichung Interchange)",120.667,24.15303,https://motoretag.taichung.gov.tw/ATIS_TCC/Device/Showcctv?id=C000018,0,387000000A,(04)22289111,60221,66000,66000060,407
66000C000019,"安和路/朝馬路(右側車流往臺灣大道),Anhe Rd./Chaoma Rd. (Right side Traffic flow to Taiwan Blvd)",120.6222,24.174,https://motoretag.taichung.gov.tw/ATIS_TCC/Device/Showcctv?id=C000019,0,387000000A,(04)22289111,60221,66000,66000060,407
66000C000020,"五權西路/環中路(右側車流往工業區),Wuquan W. Rd/Huanzhong Rd (Right side Traffic flow to industrial area)",120.623,24.14999,https://motoretag.taichung.gov.tw/ATIS_TCC/Device/Showcctv?id=C000020,0,387000000A,(04)22289111,60221,66000,66000060,407
66000C000021,"臺灣大道/環中路(右側車流往文心路),Taiwan Blvd/Huanzhong Rd (Right side Traffic flow to Wenxin Rd)",120.6338,24.17308,https://motoretag.taichung.gov.tw/ATIS_TCC/Device/Showcctv?id=C000021,0,387000000A,(04)22289111,60221,66000,66000060,407
66000C000022,"市政路/環中路(右側車流往文心路),Shizheng Rd/Huanzhong Rd (Right side Traffic flow to Wenxin Rd)",120.6291,24.16281,https://motoretag.taichung.gov.tw/ATIS_TCC/Device/Showcctv?id=C000022,0,387000000A,(04)22289111,60221,66000,66000060,407
66000C000023,河南路二段與西屯路二段(右側車流往台灣大道) Henan Rd/Xitun Rd  (Right side Traffic flow to Taiwan Blvd),120.6456,24.17249,https://motoretag.taichung.gov.tw/ATIS_TCC/Device/Showcctv?id=C000023,0,387000000A,(04)22289111,60221,66000,66000060,407
66000C000024,"臺灣大道/工業區一路(右側車流往文心路),Taiwan Blvd/Gongyequ 1st Rd. (Right side Traffic flow to Wenxin Rd.)",120.6153,24.18337,https://motoretag.taichung.gov.tw/ATIS_TCC/Device/Showcctv?id=C000024,0,387000000A,(04)22289111,60221,66000,66000060,407
66000C000025,"臺灣大道/忠明路(右側車流往台中車站),Taiwan Blvd/Zhongming Rd (Right side Traffic flow to Taichung Interchange)",120.6595,24.15711,https://motoretag.taichung.gov.tw/ATIS_TCC/Device/Showcctv?id=C000025,0,387000000A,(04)22289111,60221,66000,66000060,407
66000C000026,"臺灣大道/民權路(右側車流往台中車站),Taiwan Blvd/Minquan Rd (Right side Traffic flow to Taichung Station)",120.6699,24.15108,https://motoretag.taichung.gov.tw/ATIS_TCC/Device/Showcctv?id=C000026,0,387000000A,(04)22289111,60221,66000,66000060,407
66000C000027,"五權西路/五權路(右側車流往南屯交流道) ),Wuquan W. Rd/Wuquan Rd(Right side Traffic flow to Nantun Interchange)",120.6657,24.14016,https://motoretag.taichung.gov.tw/ATIS_TCC/Device/Showcctv?id=C000027,0,387000000A,(04)22289111,60221,66000,66000060,407
66000C000028,"中清路/五權路(右側車流往文心路),Zhongqing Rd./Wuquan Rd.  (Right side Traffic flow to Wenxin Rd.)",120.6772,24.15125,https://motoretag.taichung.gov.tw/ATIS_TCC/Device/Showcctv?id=C000028,0,387000000A,(04)22289111,60221,66000,66000060,407
66000C000029,"民權路/建國路(右側車流往向上路),Minquan Rd./Jianguo Rd.(Right side Traffic flow to Xiangshang Rd)",120.6823,24.13576,https://motoretag.taichung.gov.tw/ATIS_TCC/Device/Showcctv?id=C000029,0,387000000A,(04)22289111,60221,66000,66000060,407
66000C000328,土牛派出所前Tuniu Police Station,120.8164,24.26023,https://motoretag.taichung.gov.tw/ATIS_TCC/Device/Showcctv?id=C000328,0,387000000A,(04)22289111,60221,66000,66000060,407
66000C000327,新社區和盛街(右側車流往土牛）Hesheng St.(Right side Traffic flow to Tuniu),120.807,24.2567,https://motoretag.taichung.gov.tw/ATIS_TCC/Device/Showcctv?id=C000327,0,387000000A,(04)22289111,60221,66000,66000060,407
66000C000333,台灣大道/玉門路(右側車流往沙鹿) Taiwan Blvd/Yumen Rd.(Right side Traffic flow to Shalu),120.6095,24.18415,https://motoretag.taichung.gov.tw/ATIS_TCC/Device/Showcctv?id=C000333,0,387000000A,(04)22289111,60221,66000,66000060,407
66000C000338,五權西路/東興路(右側車流往工業區)Wuquan W. Rd./Dongxing Rd.(Right side Traffic flow to industrial area),120.6531,24.14008,https://motoretag.taichung.gov.tw/ATIS_TCC/Device/Showcctv?id=C000338,0,387000000A,(04)22289111,60221,66000,66000060,407
66000C000346,五權路/學士路 (右側車流往中清路)Wuquan Rd./Xueshi Rd.(Right side Traffic flow to Zhongqing Rd.),120.6826,24.15344,https://motoretag.taichung.gov.tw/ATIS_TCC/Device/Showcctv?id=C000346,0,387000000A,(04)22289111,60221,66000,66000060,407
66000C000348,台灣大道/中工三路 (右側車流往環中路)Taiwan Blvd /Zhonggong 3rd Rd.(Right side Traffic flow to Huanzhong Rd.,120.6198,24.181,https://motoretag.taichung.gov.tw/ATIS_TCC/Device/Showcctv?id=C000348,0,387000000A,(04)22289111,60221,66000,66000060,407
66000C000349,崇德十路/環中路 (右側車流往雅潭路) Chongde 10th Rd./Huanzhong Rd.( Right side Traffic flow toYatan Rd.),120.6763,24.20067,https://motoretag.taichung.gov.tw/ATIS_TCC/Device/Showcctv?id=C000349,0,387000000A,(04)22289111,60221,66000,66000060,407
66000C000068,"五權西路/黎明路(右側車流往工業區),Wuquan W. Rd./Liming Rd.(Right side Traffic flow to industrial area)",120.638,24.14227,https://motoretag.taichung.gov.tw/ATIS_TCC/Device/Showcctv?id=C000068,0,387000000A,(04)22289111,60221,66000,66000060,407
66000C000351,學士路/健行路 (右側車流往五權路) Xueshi Rd./Jianxing Rd./(Right side Traffic flow to Wuquan Rd.),120.6809,24.15922,https://motoretag.taichung.gov.tw/ATIS_TCC/Device/Showcctv?id=C000351,0,387000000A,(04)22289111,60221,66000,66000060,407
66000C000355,"公園路/自由路(右側車流往雙十路方向),Gongyuan Rd./Ziyou Rd.Right side Traffic flow to Shuangshi Rd.)",120.6844,24.14227,https://motoretag.taichung.gov.tw/ATIS_TCC/Device/Showcctv?id=C000355,0,387000000A,(04)22289111,60221,66000,66000060,407
66000C000357,"三民西路/文心南路(右側車流往中山醫方向),Sanmin W. Rd./Wenxin S. Rd. (Right side Traffic flow to CSMU)",120.6465,24.12611,https://motoretag.taichung.gov.tw/ATIS_TCC/Device/Showcctv?id=C000357,0,387000000A,(04)22289111,60221,66000,66000060,407
66000C000358,"建國北路/東興路(右側車流往忠明南路),Jianguo N. Rd./Dongxing Rd.(Right side Traffic flow to Zhongming S Rd.)",120.6534,24.12253,https://motoretag.taichung.gov.tw/ATIS_TCC/Device/Showcctv?id=C000358,0,387000000A,(04)22289111,60221,66000,66000060,407
66000C000359,"進化路/精武路(右側車流往自由路),Jinhua Rd./Jingwu Rd.(Right side Traffic flow to Ziyou Rd.)",120.6944,24.14812,https://motoretag.taichung.gov.tw/ATIS_TCC/Device/Showcctv?id=C000359,0,387000000A,(04)22289111,60221,66000,66000060,407
66000C000360,"(太平)中山路/大興路(右側車流往祥順路方向),(Taiping)Zhongshan Rd./Daxing Rd. (Right side Traffic flow to Xiangshun Rd.)",120.7333,24.15061,https://motoretag.taichung.gov.tw/ATIS_TCC/Device/Showcctv?id=C000360,0,387000000A,(04)22289111,60221,66000,66000060,407
66000C000365,"進化北路/崇德路(右側車流往五權路),Jinhua N. Rd./Chongde Rd. (Right side Traffic flow to Wuquan Rd.)",120.6852,24.16318,https://motoretag.taichung.gov.tw/ATIS_TCC/Device/Showcctv?id=C000365,0,387000000A,(04)22289111,60221,66000,66000060,407
66000C000366,"向上路/忠明南路(右側車流往民權路方向),Xiangshang Rd./Zhongyong Rd.(Right side Traffic flow to Minquan Rd.)",120.6572,24.14666,https://motoretag.taichung.gov.tw/ATIS_TCC/Device/Showcctv?id=C000366,0,387000000A,(04)22289111,60221,66000,66000060,407
66000C000370,"中興路二段/大智路(右側車流往大里方向),Zhongxing Rd./Dazhi Rd. (Right side Traffic flow to Dali.)",120.6888,24.11982,https://motoretag.taichung.gov.tw/ATIS_TCC/Device/Showcctv?id=C000370,0,387000000A,(04)22289111,60221,66000,66000060,407
66000C000372,"西屯路/漢口路(右側車流往忠明路方向),Xitun Rd./Hankou Rd.(Right side Traffic flow to Zhongming Rd.)",120.6602,24.16426,https://motoretag.taichung.gov.tw/ATIS_TCC/Device/Showcctv?id=C000372,0,387000000A,(04)22289111,60221,66000,66000060,407
66000C000374,五順街 (中國醫藥大學重症大樓後門),120.6829,24.15418,https://motoretag.taichung.gov.tw/ATIS_TCC/Device/Showcctv?id=C000374,0,387000000A,(04)22289111,60221,66000,66000060,407
66000C000375,中科路/經貿七路 Zhongke Rd./Jingmao 7th Rd.,120.6562,24.19208,https://motoretag.taichung.gov.tw/ATIS_TCC/Device/Showcctv?id=C000375,0,387000000A,(04)22289111,60221,66000,66000060,407
66000C000376,"市政路/安和路(右側車流往工業區一路),Shizheng Rd./Anhe Rd.(Right side Traffic flow to Gongyequ 1st Rd.)",120.6194,24.1689,https://motoretag.taichung.gov.tw/ATIS_TCC/Device/Showcctv?id=C000376,0,387000000A,(04)22289111,60221,66000,66000060,407
66000C000379,"建國北路/文心南路(右側車流往東興路),Jianguo N. Rd./Wenxin S. Rd.(Right side Traffic flow to Dongxing Rd.)",120.6499,24.12058,https://motoretag.taichung.gov.tw/ATIS_TCC/Device/Showcctv?id=C000379,0,387000000A,(04)22289111,60221,66000,66000060,407
66000C000380,"向上路六段 (右側車流往環中路),Sec. 6, Xiangshang Rd./Ziqiang Rd.(Right side Traffic flow to Huanzhong Rd.)",120.5695,24.20174,https://motoretag.taichung.gov.tw/ATIS_TCC/Device/Showcctv?id=C000380,0,387000000A,(04)22289111,60221,66000,66000060,407
66000C000381,敦富東街/南興北一路(右側車流往北屯總站)Dunfu E. St./Nanxing N. 1st Rd.(Right side Traffic flow to Beitun Main Station),120.7091,24.18657,https://motoretag.taichung.gov.tw/ATIS_TCC/Device/Showcctv?id=C000381,0,387000000A,(04)22289111,60221,66000,66000060,407
66000C000383,西屯路/都會園路(右側車流往東大路方向)Xitun Rd./Duhuiyuan Rd.(Right side Traffic flow to Dongda Rd.),120.5933,24.19131,https://motoretag.taichung.gov.tw/ATIS_TCC/Device/Showcctv?id=C000383,0,387000000A,(04)22289111,60221,66000,66000060,407
66000C000387,五權路/民生路(右側車流往臺灣大道)Wuquan Rd./Minsheng Rd. (Right side Traffic flow to Taiwan Blvd),120.6697,24.14394,https://motoretag.taichung.gov.tw/ATIS_TCC/Device/Showcctv?id=C000387,0,387000000A,(04)22289111,60221,66000,66000060,407
66000C000388,國豐路/豐科路(右側車流往豐原大道) Guofeng Rd./Fengke Rd.(Right side Traffic flow to Fengyuan Blvd),120.7287,24.27665,https://motoretag.taichung.gov.tw/ATIS_TCC/Device/Showcctv?id=C000388,0,387000000A,(04)22289111,60221,66000,66000060,407
66000C000389,"中山路/高鐵東路(右側車流往大肚),Zhongshan Rd./Gaotie E. Rd.(Right side Traffic flow to Dadu)",120.6138,24.10686,https://motoretag.taichung.gov.tw/ATIS_TCC/Device/Showcctv?id=C000389,0,387000000A,(04)22289111,60221,66000,66000060,407
66000C000390,"臺灣大道/惠中路(右側車流往市政路),Taiwan Blvd./Huizhong Rd. (Right side Traffic flow to Shizheng Rd.)",120.6465,24.1644,https://motoretag.taichung.gov.tw/ATIS_TCC/Device/Showcctv?id=C000390,0,387000000A,(04)22289111,60221,66000,66000060,407
66000C000394,環中路/榮德路(車流往崇德路)Huanzhong Rd./ Rongde Rd. (traffic flow to Chongde Rd.),120.6684,24.20073,https://motoretag.taichung.gov.tw/ATIS_TCC/Device/Showcctv?id=C000394,0,387000000A,(04)22289111,60221,66000,66000060,407
66000C000395,崇德十九路/榮德路 (右側車流往同榮路)Chongde 19th Rd.//Rongde Rd ./ (Right side Traffic flow to Tongrong Rd.),120.6685,24.19797,https://motoretag.taichung.gov.tw/ATIS_TCC/Device/Showcctv?id=C000395,0,387000000A,(04)22289111,60221,66000,66000060,407
66000C000396,崇徳十九路/同榮東路 (右側車流往崇德路) Chongde 19th Rd./Tongrong E. Rd. (Right side Traffic flow to Chongde Rd.),120.6652,24.19918,https://motoretag.taichung.gov.tw/ATIS_TCC/Device/Showcctv?id=C000396,0,387000000A,(04)22289111,60221,66000,66000060,407
66000C000397,"環中東路/六順路(右側車流往德芳南路),Huanzhong E. Rd./Liushun Rd. (Right side Traffic flow to Defang S. Rd.)",120.7015,24.12545,https://motoretag.taichung.gov.tw/ATIS_TCC/Device/Showcctv?id=C000397,0,387000000A,(04)22289111,60221,66000,66000060,407
66000C000398,甲堤南路/立元一橋 (右側車流往德芳南路) Jiati S. Rd./Liyuan No.1 Bridge (Right side Traffic flow to Defang S. Rd.),120.6942,24.10019,https://motoretag.taichung.gov.tw/ATIS_TCC/Device/Showcctv?id=C000398,0,387000000A,(04)22289111,60221,66000,66000060,407
66000C000329,"新社區興社街一段與 225 巷口 Ln. 225, Sec. 1, Xingshe St.",120.8215,24.20386,https://motoretag.taichung.gov.tw/ATIS_TCC/Device/Showcctv?id=C000329,0,387000000A,(04)22289111,60221,66000,66000060,407
66000C000340,"中清路/經貿一路(右側車流往文心路),Zhongqing Rd./Jingmao 1st Rd. (Right side Traffic flow to Wenxin Rd.)",120.6658,24.18279,https://motoretag.taichung.gov.tw/ATIS_TCC/Device/Showcctv?id=C000340,0,387000000A,(04)22289111,60221,66000,66000060,407
66000C000341,"中清路/敦化路(右側車流往文心路),Zhongqing Rd./Dunhua Rd. (Right side Traffic flow to Wenxin Rd.)",120.664,24.1858,https://motoretag.taichung.gov.tw/ATIS_TCC/Device/Showcctv?id=C000341,0,387000000A,(04)22289111,60221,66000,66000060,407
66000C000350,"向上路/忠勇路(右側車流往龍井),Xiangshang Rd./Zhongyong Rd.(Right side Traffic flow to Longjing)",120.6154,24.14758,https://motoretag.taichung.gov.tw/ATIS_TCC/Device/Showcctv?id=C000350,0,387000000A,(04)22289111,60221,66000,66000060,407
66000C000353,"三民路/太平路(往五權路方向),Sanmin Rd./Taiping Rd.(Right side Traffic flow to Wuquan Rd/Chongde Rd.)",120.6834,24.14822,https://motoretag.taichung.gov.tw/ATIS_TCC/Device/Showcctv?id=C000353,0,387000000A,(04)22289111,60221,66000,66000060,407
66000C000361,進化北路/學士路(右側車流往崇德路) Jinhua N. Rd./Xueshi Rd. (Right side Traffic flow to Chongde Rd.),120.681,24.16319,https://motoretag.taichung.gov.tw/ATIS_TCC/Device/Showcctv?id=C000361,0,387000000A,(04)22289111,60221,66000,66000060,407
66000C000362,向上路/民權路 (右側車流往環中路) Xiangshang Rd./Minquan Rd.(Right side Traffic flow to Huanzhong Rd.),120.6697,24.14668,https://motoretag.taichung.gov.tw/ATIS_TCC/Device/Showcctv?id=C000362,0,387000000A,(04)22289111,60221,66000,66000060,407
66000C000363,崇德路/太原路(右側車流往文心路) Chongde Rd./Taiyuan Rd.(Right side Traffic flow to Wenxin Rd.),120.6851,24.1649,https://motoretag.taichung.gov.tw/ATIS_TCC/Device/Showcctv?id=C000363,0,387000000A,(04)22289111,60221,66000,66000060,407
66000C000378,烏日區中山路二段/新興路(右側車流往彰化)Zhongshan Rd./Xinxing Rd.(Right side Traffic flow to  Changhua),120.6161,24.10575,https://motoretag.taichung.gov.tw/ATIS_TCC/Device/Showcctv?id=C000378,0,387000000A,(04)22289111,60221,66000,66000060,407
66000C000384,清水區中山路/中正街(右側車流往大甲方向)Zhongshan Rd./Zhongzheng St.((Right side Traffic flow to Dajia Dist.),120.5728,24.26233,https://motoretag.taichung.gov.tw/ATIS_TCC/Device/Showcctv?id=C000384,0,387000000A,(04)22289111,60221,66000,66000060,407
66000C000400,向上路/惠文路(右側車流往文心路)Xiangshang Rd./Huiwen Rd. (Right side Traffic flow to Wenxin Rd.),120.6437,24.14675,https://motoretag.taichung.gov.tw/ATIS_TCC/Device/Showcctv?id=C000400,0,387000000A,(04)22289111,60221,66000,66000060,407
66000C000401,惠文路/大墩七街(右側車流往向上路)Huiwen Rd./Dadun 7th St.(Right side Traffic flow to Xiangshang Rd.),120.6432,24.14426,https://motoretag.taichung.gov.tw/ATIS_TCC/Device/Showcctv?id=C000401,0,387000000A,(04)22289111,60221,66000,66000060,407
66000C000402,文心路/大墩七街(右側車流往惠文路)Wenxin Rd./Dadun 7th St.(Right side Traffic flow to Huiwen Rd.),120.6464,24.14376,https://motoretag.taichung.gov.tw/ATIS_TCC/Device/Showcctv?id=C000402,0,387000000A,(04)22289111,60221,66000,66000060,407
66000C000403,文心路/向上路(右側車流往五權西路)Wenxin Rd./Xiangshang Rd.(Right side Traffic flow to Wuquan W. Rd.),120.6466,24.1469,https://motoretag.taichung.gov.tw/ATIS_TCC/Device/Showcctv?id=C000403,0,387000000A,(04)22289111,60221,66000,66000060,407
66000C000412,中清路/五權路 (右側車流往中華路) Zhongqing Rd./Wuquan Rd. (Right side Traffic flow to honghua Rd.),120.6772,24.15125,https://motoretag.taichung.gov.tw/ATIS_TCC/Device/Showcctv?id=C000412,0,387000000A,(04)22289111,60221,66000,66000060,407
66000C000413,東光路/軍福十九路(右側車流往松竹路方向) Dongguang Rd./Junfu 19th Rd.(Right side Traffic flow to Songzhu Rd.),120.7022,24.18011,https://motoretag.taichung.gov.tw/ATIS_TCC/Device/Showcctv?id=C000413,0,387000000A,(04)22289111,60221,66000,66000060,407
66000C000335,北屯路/松竹路(右側車流往潭子)Beitun Rd./Songzhu Rd.(Right side Traffic flow to Tanzi Dist.),120.702,24.18183,https://motoretag.taichung.gov.tw/ATIS_TCC/Device/Showcctv?id=C000335,0,387000000A,(04)22289111,60221,66000,66000060,407
66000C000337,崇德路/漢口路(右側車流往文心路)Chongde Rd./Hankou Rd. (Right side Traffic flow to Wenxin Rd.),120.6851,24.16688,https://motoretag.taichung.gov.tw/ATIS_TCC/Device/Showcctv?id=C000337,0,387000000A,(04)22289111,60221,66000,66000060,407
66000C000364,民權路/五權路(右側車流往三民路)Minquan Rd./Wuquan Rd.(Right side Traffic flow to Sanmin Rd.),120.6711,24.14552,https://motoretag.taichung.gov.tw/ATIS_TCC/Device/Showcctv?id=C000364,0,387000000A,(04)22289111,60221,66000,66000060,407
66000C000404,凱旋路/僑大八街 (右側車流往經貿五路)Kaixuan Rd./Qiao Da 8th St.  (Right side Traffic flow to Jingmao 5th Rd.),120.6517,24.18916,https://motoretag.taichung.gov.tw/ATIS_TCC/Device/Showcctv?id=C000404,0,387000000A,(04)22289111,60221,66000,66000060,407
66000C000405,凱旋路/僑大路(右側車流往環中路)Kaixuan Rd./Qiao Da Rd.(Right side Traffic flow to Huanzhong Rd.),120.6499,24.19207,https://motoretag.taichung.gov.tw/ATIS_TCC/Device/Showcctv?id=C000405,0,387000000A,(04)22289111,60221,66000,66000060,407
66000C000406,黎明路/凱旋路(右側車流往中清路)Liming Rd./Kaixuan Rd.(Right side Traffic flow to Zhongqing Rd.),120.6488,24.19352,https://motoretag.taichung.gov.tw/ATIS_TCC/Device/Showcctv?id=C000406,0,387000000A,(04)22289111,60221,66000,66000060,407
66000C000407,黎明路/港隆街 (右側車流往中清路)Liming Rd./Ganglong St.(Right side Traffic flow to Zhongqing Rd.),120.6504,24.19409,https://motoretag.taichung.gov.tw/ATIS_TCC/Device/Showcctv?id=C000407,0,387000000A,(04)22289111,60221,66000,66000060,407
66000C000408,興中街/東山街 (右側車流往東勢)Xingzhong St./Dongshan St.(Right side Traffic flow to Dongshih),120.8033,24.21922,https://motoretag.taichung.gov.tw/ATIS_TCC/Device/Showcctv?id=C000408,0,387000000A,(04)22289111,60221,66000,66000060,407
66000C000409,華豐街/興義街/興隆街 (右側車流往協興街)Huafeng St./Xingyi St./Xinglong St.(Right side Traffic flow to Xiexing St.),120.8158,24.19254,https://motoretag.taichung.gov.tw/ATIS_TCC/Device/Showcctv?id=C000409,0,387000000A,(04)22289111,60221,66000,66000060,407
66000C000410, 華豐街/協興街 (右側車流往興社街)Huafeng St./Xiexing St.(Right side Traffic flow to Xingshe St.),120.816,24.20262,https://motoretag.taichung.gov.tw/ATIS_TCC/Device/Showcctv?id=C000410,0,387000000A,(04)22289111,60221,66000,66000060,407
66000C000343,"台灣大道/國際街(右側車流往台中車站),Taiwan Blvd/International Street. (Right side Traffic flow to Taichung Station)",120.5929,24.18309,https://motoretag.taichung.gov.tw/ATIS_TCC/Device/Showcctv?id=C000343,0,387000000A,(04)22289111,60221,66000,66000060,407
66000C000356,"忠明路/西屯路(右側車流往中清路方向),Zhongming Rd./Xitun Rd.(Right side Traffic flow to Zhongqing Rd.) ",120.664,24.16203,https://motoretag.taichung.gov.tw/ATIS_TCC/Device/Showcctv?id=C000356,0,387000000A,(04)22289111,60221,66000,66000060,407
66000C000367,向上南路/東興路(右側車流往文心路)(Xiangshang S. Rd./Dongxing Rd.(Right side Traffic flow to Wenxin Rd.),120.6531,24.14501,https://motoretag.taichung.gov.tw/ATIS_TCC/Device/Showcctv?id=C000367,0,387000000A,(04)22289111,60221,66000,66000060,407
66000C000368,"向上路/英才路(右側車流往忠明南路),Xiangshang Rd./Yingcai Rd. (Right side Traffic flow to Zhongming S. Rd.)",120.6655,24.1468,https://motoretag.taichung.gov.tw/ATIS_TCC/Device/Showcctv?id=C000368,0,387000000A,(04)22289111,60221,66000,66000060,407
66000C000371,"中清路/英才路(右側車流往五權路方向),Zhongqing Rd./Yingcai Rd.(Right side Traffic flow to Wuquan Rd.)",120.6769,24.15587,https://motoretag.taichung.gov.tw/ATIS_TCC/Device/Showcctv?id=C000371,0,387000000A,(04)22289111,60221,66000,66000060,407
66000C000377,"市政路/工業區一路(右側車流往安和路方向),Shizheng Rd./Anhe Rd.(Right side Traffic flow to Anhe Rd.)",120.6136,24.17278,https://motoretag.taichung.gov.tw/ATIS_TCC/Device/Showcctv?id=C000377,0,387000000A,(04)22289111,60221,66000,66000060,407
66000C000382,西屯路/向上路 (右側車流往梧棲方向) Xitun Rd./Xiangshang Rd..(Right side Traffic flow to Wuqi Dist.),120.574,24.1843,https://motoretag.taichung.gov.tw/ATIS_TCC/Device/Showcctv?id=C000382,0,387000000A,(04)22289111,60221,66000,66000060,407
66000C000391,臺灣大道/西屯路(右側車流往環中路)Taiwan Blvd/Xitun Rd.(Right side Traffic flow to Huanzhong Rd.),120.58,24.18918,https://motoretag.taichung.gov.tw/ATIS_TCC/Device/Showcctv?id=C000391,0,387000000A,(04)22289111,60221,66000,66000060,407
66000C000392,甲堤南路/立善橋 Jiati S. Rd./Lishan Bridge,120.6942,24.09868,https://motoretag.taichung.gov.tw/ATIS_TCC/Device/Showcctv?id=C000392,0,387000000A,(04)22289111,60221,66000,66000060,407
66000C000393,"環中路/經貿路 (車流往中清路)Huanzhong Rd. /Jingmao Rd.( (Right side Traffic flow to ,Zhongqing Rd.)",120.6536,24.19853,https://motoretag.taichung.gov.tw/ATIS_TCC/Device/Showcctv?id=C000393,0,387000000A,(04)22289111,60221,66000,66000060,407
66000C000352, 崇德路/崇德十路(右側車流往環中路)Chongde Rd./Chongde 10th Rd. (Right side Traffic flow to Huanzhong Rd.),120.6863,24.18818,https://motoretag.taichung.gov.tw/ATIS_TCC/Device/Showcctv?id=C000352,0,387000000A,(04)22289111,60221,66000,66000060,407
66000C000369,"向上路/美村路(右側車流往忠明南路),Xiangshang Rd./Meicun Rd.(Right side Traffic flow to Zhongming S. Rd.)",120.6618,24.14672,https://motoretag.taichung.gov.tw/ATIS_TCC/Device/Showcctv?id=C000369,0,387000000A,(04)22289111,60221,66000,66000060,407
66000C000373,"台灣大道/安和路(右側車流往文心路)(中央分隔島),Taiwan Blvd./Anhe Rd.(Right side Traffic flow to Wenxin Rd.)",120.6246,24.17839,https://motoretag.taichung.gov.tw/ATIS_TCC/Device/Showcctv?id=C000373,0,387000000A,(04)22289111,60221,66000,66000060,407
66000C000030,"五權南路/忠明南路(右側車流往國光路),Wuquan S Rd./Zhongming S Rd. (Right side Traffic flow to Guoguang Rd.)",120.67,24.11894,https://motoretag.taichung.gov.tw/ATIS_TCC/Device/Showcctv?id=C000030,0,387000000A,(04)22289111,60221,66000,66000060,407
66000C000032,"五權西路/忠明南路(右側車流往美村路),Wuquan W. Rd/Zhongming S Rd (Right side Traffic flow to Meicun Rd)",120.6573,24.14007,https://motoretag.taichung.gov.tw/ATIS_TCC/Device/Showcctv?id=C000032,0,387000000A,(04)22289111,60221,66000,66000060,407
66000C000033,"安和路/福泰街(右側車流往臺灣大道),Anhe Rd/Futai St (Right side Traffic flow to Taiwan Blvd)",120.6254,24.18351,https://motoretag.taichung.gov.tw/ATIS_TCC/Device/Showcctv?id=C000033,0,387000000A,(04)22289111,60221,66000,66000060,407
66000C000034,黎明路三段與上安路 (右側車流往台灣大道) Liming Rd/Shang'an Rd (Right side Traffic flow to Taiwan Blvd),120.6373,24.17328,https://motoretag.taichung.gov.tw/ATIS_TCC/Device/Showcctv?id=C000034,0,387000000A,(04)22289111,60221,66000,66000060,407
66000C000035,"北屯路/文心路(右側車流往進化北路),Beitun Rd./Wenxin Rd.( Right side Traffic flow Jinhua N. Rd.)",120.6978,24.17042,https://motoretag.taichung.gov.tw/ATIS_TCC/Device/Showcctv?id=C000035,0,387000000A,(04)22289111,60221,66000,66000060,407
66000C000036,"公益路/忠明南路(右側車流往市民廣場),Gongyi Rd/Zhongming S Rd (Right side Traffic flow to Taichung Citizens Square)",120.6572,24.15082,https://motoretag.taichung.gov.tw/ATIS_TCC/Device/Showcctv?id=C000036,0,387000000A,(04)22289111,60221,66000,66000060,407
66000C000037,"五權西路/忠勇路(右側車流往南屯交流道),Wuquan W. Rd/Zhongyong Rd (Right side Traffic flow to Nantun Interchange)",120.6166,24.15371,https://motoretag.taichung.gov.tw/ATIS_TCC/Device/Showcctv?id=C000037,0,387000000A,(04)22289111,60221,66000,66000060,407
66000C000038,高鐵東路、高鐵三路 (Gaotie E. Rd、Gaotie 3rd Rd),120.6188,24.11387,https://motoretag.taichung.gov.tw/ATIS_TCC/Device/Showcctv?id=C000038,0,387000000A,(04)22289111,60221,66000,66000060,407
66000C000039,環中路/龍富十路(右側車流往永春路)Huanzhong Rd/Longfu 10th Rd. (Right side Traffic flow to Yongchun Rd),120.6232,24.13535,https://motoretag.taichung.gov.tw/ATIS_TCC/Device/Showcctv?id=C000039,0,387000000A,(04)22289111,60221,66000,66000060,407
66000C000040,"環中路/青海路(右側車流往臺灣大道),Huanzhong Rd/Qinghai Rd (Right side Traffic flow to Taiwan Blvd)",120.6342,24.17643,https://motoretag.taichung.gov.tw/ATIS_TCC/Device/Showcctv?id=C000040,0,387000000A,(04)22289111,60221,66000,66000060,407
66000C000041,"臺灣大道/東大路(右側車流往沙鹿),Taiwan Blvd/Dongda Rd (Right side Traffic flow to Shalu)",120.6023,24.1828,https://motoretag.taichung.gov.tw/ATIS_TCC/Device/Showcctv?id=C000041,0,387000000A,(04)22289111,60221,66000,66000060,407
66000C000043,向上路/環中路 (右側車流往工業區)Xiangshang Rd/Huanzhong Rd(Right side Traffic flow to industrial area),120.6235,24.14515,https://motoretag.taichung.gov.tw/ATIS_TCC/Device/Showcctv?id=C000043,0,387000000A,(04)22289111,60221,66000,66000060,407
66000C000045,"林森路/五權路(右側車流往建國路),Linsen Rd./Wuquan Rd.(Right side Traffic flow to Jianguo Rd.)",120.6667,24.14113,https://motoretag.taichung.gov.tw/ATIS_TCC/Device/Showcctv?id=C000045,0,387000000A,(04)22289111,60221,66000,66000060,407
66000C000046,"三民路/五權路/崇德路(右側車流往北屯路),Sanmin Rd/Wuquan Rd/Chongde Rd(Right side Traffic flow to Beitun Rd)",120.6859,24.15447,https://motoretag.taichung.gov.tw/ATIS_TCC/Device/Showcctv?id=C000046,0,387000000A,(04)22289111,60221,66000,66000060,407
66000C000047,中清路/忠明路(右側車流往台灣大道)Zhongqing Rd./Zhongming Rd(Right side Traffic flow to Taiwan Blvd),120.6746,24.16293,https://motoretag.taichung.gov.tw/ATIS_TCC/Device/Showcctv?id=C000047,0,387000000A,(04)22289111,60221,66000,66000060,407
66000C000048,"中清路/1386巷(右側車流往文心路),Zhongqing Rd/Ln. 1386 (Right side Traffic flow to Wenxin Rd)",120.658,24.19575,https://motoretag.taichung.gov.tw/ATIS_TCC/Device/Showcctv?id=C000048,0,387000000A,(04)22289111,60221,66000,66000060,407
66000C000049,"臺灣大道/福安路(右側車流往文心路),Taiwan Blvd/Fuan Rd. (Right side Traffic flow to Wenxin Rd.)",120.6213,24.1801,https://motoretag.taichung.gov.tw/ATIS_TCC/Device/Showcctv?id=C000049,0,387000000A,(04)22289111,60221,66000,66000060,407
66000C000050,"五權南路/高工路(右側車流往中投公路) ,Wuquan S. Rd./Gaogong Rd. (Right side Traffic flow to Zhongtou Highway )",120.6702,24.11475,https://motoretag.taichung.gov.tw/ATIS_TCC/Device/Showcctv?id=C000050,0,387000000A,(04)22289111,60221,66000,66000060,407
66000C000051,"文心路/昌平路(右側車流往崇德路),Wenxin Rd/Changping Rd (Right side Traffic flow to Chongde Rd)",120.691,24.17154,https://motoretag.taichung.gov.tw/ATIS_TCC/Device/Showcctv?id=C000051,0,387000000A,(04)22289111,60221,66000,66000060,407
66000C000052,"文心路/青海路(右側車流往臺灣大道),Wenxin Rd/Qinghai Rd (Right side Traffic flow to Taiwan Blvd)",120.6519,24.16594,https://motoretag.taichung.gov.tw/ATIS_TCC/Device/Showcctv?id=C000052,0,387000000A,(04)22289111,60221,66000,66000060,407
66000C000055,"忠明南路/國光路(右側車流往建國路),Zhongming S Rd.//Guoguang Rd.(Right side Traffic flow to Jianguo Rd.)",120.6793,24.11901,https://motoretag.taichung.gov.tw/ATIS_TCC/Device/Showcctv?id=C000055,0,387000000A,(04)22289111,60221,66000,66000060,407
66000C000056,"忠明南路/復興路(右側車流往中投公路),Zhongming S Rd/Fuxing Rd (Right side Traffic flow to Zhongtou Highway)",120.6615,24.12194,https://motoretag.taichung.gov.tw/ATIS_TCC/Device/Showcctv?id=C000056,0,387000000A,(04)22289111,60221,66000,66000060,407
66000C000057,東大路/西屯路(右側車流往中清路)Dongda Rd./ Xitun Rd.(Right side Traffic flow to Zhongqing Rd.),120.6065,24.19278,https://motoretag.taichung.gov.tw/ATIS_TCC/Device/Showcctv?id=C000057,0,387000000A,(04)22289111,60221,66000,66000060,407
66000C000058,"崇德路/松竹路(右側車流往文心路),Chongde Rd/Songzhu Rd (Right side Traffic flow to Wenxin Rd)",120.6861,24.18161,https://motoretag.taichung.gov.tw/ATIS_TCC/Device/Showcctv?id=C000058,0,387000000A,(04)22289111,60221,66000,66000060,407
66000C000059,"臺灣大道/館前路( 右側車流往台中交流道),Taiwan Blvd /Guanqian Rd. (Right side Traffic flow to Taichung Interchange)",120.6641,24.15474,https://motoretag.taichung.gov.tw/ATIS_TCC/Device/Showcctv?id=C000059,0,387000000A,(04)22289111,60221,66000,66000060,407
66000C000060,"臺灣大道/黎明路(車流往文心路),Taiwan Blvd/Liming Rd (Right side Traffic flow to Wenxin Rd)",120.6363,24.17078,https://motoretag.taichung.gov.tw/ATIS_TCC/Device/Showcctv?id=C000060,0,387000000A,(04)22289111,60221,66000,66000060,407
66000C000061,台74高鐵臺中上匝道(往南屯方向),120.6199,24.12267,https://motoretag.taichung.gov.tw/ATIS_TCC/Device/Showcctv?id=C000061,0,387000000A,(04)22289111,60221,66000,66000060,407
66000C000330,"新社區東山路與中興嶺街一段 Dongshan Rd./Sec. 1, Zhongxingling St.",120.7915,24.20614,https://motoretag.taichung.gov.tw/ATIS_TCC/Device/Showcctv?id=C000330,0,387000000A,(04)22289111,60221,66000,66000060,407
66000C000332,五權西路/永春東七路(右側車流往工業區)Wuquan W. Rd./Yongchun E. 7th Rd.(Right side Traffic flow to industrial area),120.6343,24.14427,https://motoretag.taichung.gov.tw/ATIS_TCC/Device/Showcctv?id=C000332,0,387000000A,(04)22289111,60221,66000,66000060,407
66000C000062,"環中路/崇德路(車流往潭子中山路),Huanzhong Rd/Chongde Rd (traffic to Tanzi Zhongshan Rd)",120.6864,24.20086,https://motoretag.taichung.gov.tw/ATIS_TCC/Device/Showcctv?id=C000062,0,387000000A,(04)22289111,60221,66000,66000060,407
66000C000064,"中山路/大洲路(右側車流往豐原交流道),Zhongshan Rd/Dazhou Rd (Right side Traffic flow to Fengyuan Interchange)",120.6963,24.24842,https://motoretag.taichung.gov.tw/ATIS_TCC/Device/Showcctv?id=C000064,0,387000000A,(04)22289111,60221,66000,66000060,407
66000C000065,"中山路/大豐北路(右側車流往豐原大道),Zhongshan Rd/Dafeng N. St (Right side Traffic flow to Fengyuan Blvd)",120.6992,24.24901,https://motoretag.taichung.gov.tw/ATIS_TCC/Device/Showcctv?id=C000065,0,387000000A,(04)22289111,60221,66000,66000060,407
66000C000066,"中正路/豐原大道(右側車流往豐原交流道),Zhongzheng Rd/Fengyuan Blvd (Right side Traffic flow to Fengyuan Blvd)",120.7033,24.24947,https://motoretag.taichung.gov.tw/ATIS_TCC/Device/Showcctv?id=C000066,0,387000000A,(04)22289111,60221,66000,66000060,407
66000C000067,"五權西路/環中路西側(右側車流往文心路),Wuquan W. Rd/West side of Huanzhong Rd (Right side Traffic flow to Wenxin Rd)",120.6235,24.14966,https://motoretag.taichung.gov.tw/ATIS_TCC/Device/Showcctv?id=C000067,0,387000000A,(04)22289111,60221,66000,66000060,407
66000C000069,"五權西路/益豐路(右側車流往南屯交流道),Wuquan W. Rd/Wenxin Rd (Right side Traffic flow to Nantun Interchange)",120.6286,24.14783,https://motoretag.taichung.gov.tw/ATIS_TCC/Device/Showcctv?id=C000069,0,387000000A,(04)22289111,60221,66000,66000060,407
66000C000070,"五權西路/惠文路(右側車流往文心路),Wuquan W. Rd./Huiwen Rd. (Right side Traffic flow to Wenxin Rd. )",120.6421,24.141,https://motoretag.taichung.gov.tw/ATIS_TCC/Device/Showcctv?id=C000070,0,387000000A,(04)22289111,60221,66000,66000060,407
66000C000071,"崇德路/豐樂路(右側車流往環中路),Chongde Rd/Fengle Rd (Right side Traffic flow to Huanzhong Rd)",120.6865,24.19356,https://motoretag.taichung.gov.tw/ATIS_TCC/Device/Showcctv?id=C000071,0,387000000A,(04)22289111,60221,66000,66000060,407
66000C000075,"向上路/惠文路(右側車流往環中路),Xiangshang Rd/Huiwen Rd (Right side Traffic flow to Huanzhong Rd.)",120.644,24.14683,https://motoretag.taichung.gov.tw/ATIS_TCC/Device/Showcctv?id=C000075,0,387000000A,(04)22289111,60221,66000,66000060,407
66000C000076,文心路/向上南路(右側車流往臺灣大道)Wenxin Rd./Xiangshang S. Rd. (Right side Traffic flow to Taiwan Blvd),120.6468,24.14496,https://motoretag.taichung.gov.tw/ATIS_TCC/Device/Showcctv?id=C000076,0,387000000A,(04)22289111,60221,66000,66000060,407
66000C000078," 市政路/河南路(右側車流往環中路),Shizheng Rd./,Henan Rd. (Right side Traffic flow to Huanzhong Rd.)",120.6363,24.16041,https://motoretag.taichung.gov.tw/ATIS_TCC/Device/Showcctv?id=C000078,0,387000000A,(04)22289111,60221,66000,66000060,407
66000C000079,豐勢路/國4豐潭段匝道  Fengshi Rd / Fengshi  Interchange ,120.7447,24.26464,https://motoretag.taichung.gov.tw/ATIS_TCC/Device/Showcctv?id=C000079,0,387000000A,(04)22289111,60221,66000,66000060,407
66000C000080,"文心路/河南路(右側車流往中清路),Wenxin Rd/Henan Rd (Right side Traffic flow to Zhongqing Rd)",120.6614,24.17164,https://motoretag.taichung.gov.tw/ATIS_TCC/Device/Showcctv?id=C000080,0,387000000A,(04)22289111,60221,66000,66000060,407
66000C000081,青海路/河南路(右側車流往文心路) Qinghai Rd./Henan Rd. (Right side Traffic flow to Wenxin Rd.),120.6442,24.1712,https://motoretag.taichung.gov.tw/ATIS_TCC/Device/Showcctv?id=C000081,0,387000000A,(04)22289111,60221,66000,66000060,407
66000C000082,"臺灣大道/五權路(右側車流往台中車站),Taiwan Blvd/Wuquan Rd(Right side Traffic flow to Taichung Station)",120.6734,24.14742,https://motoretag.taichung.gov.tw/ATIS_TCC/Device/Showcctv?id=C000082,0,387000000A,(04)22289111,60221,66000,66000060,407
66000C000083,豐勢路/國豐路(右側車流往豐原) Fengshi Rd/Guofeng Rd (Right side Traffic flow to Fengyuan)),120.7496,24.26838,https://motoretag.taichung.gov.tw/ATIS_TCC/Device/Showcctv?id=C000083,0,387000000A,(04)22289111,60221,66000,66000060,407
66000C000084,建成路/忠孝路(右側車流往大智路)  Jiancheng Rd/ Zhongxiao Rd (Right side Traffic flow to  Dazhi Rd),120.6937,24.13306,https://motoretag.taichung.gov.tw/ATIS_TCC/Device/Showcctv?id=C000084,0,387000000A,(04)22289111,60221,66000,66000060,407
66000C000085,"公益路/市民廣場(右側車流往文心路),Gongyi Rd/Taichung Citizens Square (Right side Traffic flow to Wenxin Rd)",120.6644,24.15081,https://motoretag.taichung.gov.tw/ATIS_TCC/Device/Showcctv?id=C000085,0,387000000A,(04)22289111,60221,66000,66000060,407
66000C000086,振興路/復興路(右側車流往忠孝路)Zhenxing Rd / Fuxing Rd (Right side Traffic flow to  Fuxing E. Rd),120.6891,24.13708,https://motoretag.taichung.gov.tw/ATIS_TCC/Device/Showcctv?id=C000086,0,387000000A,(04)22289111,60221,66000,66000060,407
66000C000087,"向上路/東興路(右側車流往文心路),Xiangshang Rd/Dongxing Rd (Right side Traffic flow to Wenxin Rd)",120.6529,24.14667,https://motoretag.taichung.gov.tw/ATIS_TCC/Device/Showcctv?id=C000087,0,387000000A,(04)22289111,60221,66000,66000060,407
66000C000088,"北屯路/太原路(右側車流往文心路),Beitun Rd/Taiyuan Rd (Right side Traffic flow to Wenxin Rd)",120.6942,24.16501,https://motoretag.taichung.gov.tw/ATIS_TCC/Device/Showcctv?id=C000088,0,387000000A,(04)22289111,60221,66000,66000060,407
66000C000089,復興東一街/忠孝路(右側車流往復興路)Fuxing E. 1st Street /Zhongxiao Rd  (Right side Traffic flow to  Fuxing Rd),120.6918,24.13363,https://motoretag.taichung.gov.tw/ATIS_TCC/Device/Showcctv?id=C000089,0,387000000A,(04)22289111,60221,66000,66000060,407
66000C000090,"環中東路/建軍二街(太原下匝道車流往東山路),Huanzhong E. Rd./Jianjun 2nd St. ( to Dongshan Rd.)",120.7191,24.16203,https://motoretag.taichung.gov.tw/ATIS_TCC/Device/Showcctv?id=C000090,0,387000000A,(04)22289111,60221,66000,66000060,407
66000C000091,西安街/西安街277巷Xi'an St./Xi'an St. Ln. 277,120.6482,24.18194,https://motoretag.taichung.gov.tw/ATIS_TCC/Device/Showcctv?id=C000091,0,387000000A,(04)22289111,60221,66000,66000060,407
66000C000092,潭子聯絡道/國4匝道口(右側車流往福貴路) Tanzi Access Rd/Highway No. 4  Ramp (Right side Traffic flow to Fugui Rd),120.7187,24.21498,https://motoretag.taichung.gov.tw/ATIS_TCC/Device/Showcctv?id=C000092,0,387000000A,(04)22289111,60221,66000,66000060,407
66000C000093,"文心路/櫻花路(右側車流往長安國小),Wenxin Rd/Yinghua Rd (Right side Traffic flow to Chanes School)",120.6541,24.16775,https://motoretag.taichung.gov.tw/ATIS_TCC/Device/Showcctv?id=C000093,0,387000000A,(04)22289111,60221,66000,66000060,407
66000C000094,"市政北七路/惠中路(右側車流往市政路),Shizheng N. 7th Rd/Huizhong Rd (Right side Traffic flow to Shizheng Rd)",120.6453,24.16289,https://motoretag.taichung.gov.tw/ATIS_TCC/Device/Showcctv?id=C000094,0,387000000A,(04)22289111,60221,66000,66000060,407
66000C000095,忠孝路/振興路(右側車流往建成路) Zhongxiao Rd/Zhenxing Rd(Right side Traffic flow to Jiancheng Rd),120.6914,24.13356,https://motoretag.taichung.gov.tw/ATIS_TCC/Device/Showcctv?id=C000095,0,387000000A,(04)22289111,60221,66000,66000060,407
66000C000096,樂業二路/進德路(右側車流往振興路)  Leye 2nd Rd/Jinde Rd(Right side Traffic flow to Zhenxing Rd),120.6931,24.13484,https://motoretag.taichung.gov.tw/ATIS_TCC/Device/Showcctv?id=C000096,0,387000000A,(04)22289111,60221,66000,66000060,407
66000C000334,環中東路/中山路(右側車流往大里)Huanzhong E. Rd./Zhongshan Rd.(Right side Traffic flow to Dali.),120.7145,24.14928,https://motoretag.taichung.gov.tw/ATIS_TCC/Device/Showcctv?id=C000334,0,387000000A,(04)22289111,60221,66000,66000060,407
66000C000098,"臺灣大道/惠中路(右側車流往文心路),Taiwan Blvd/Huizhong Rd (Right side Traffic flow to Wenxin Rd)",120.6461,24.16441,https://motoretag.taichung.gov.tw/ATIS_TCC/Device/Showcctv?id=C000098,0,387000000A,(04)22289111,60221,66000,66000060,407
66000C000099,"市政路/惠中路(右側車流往臺灣大道),Shizheng Rd/Huizhong Rd (Right side Traffic flow to Taiwan Blvd)",120.6418,24.15755,https://motoretag.taichung.gov.tw/ATIS_TCC/Device/Showcctv?id=C000099,0,387000000A,(04)22289111,60221,66000,66000060,407
66000C000101,"雙十路/精武路(右側車流往臺灣體育大學),Shuangshi Rd/Jingwu Rd (Right side Traffic flow to NTSU)",120.686,24.1462,https://motoretag.taichung.gov.tw/ATIS_TCC/Device/Showcctv?id=C000101,0,387000000A,(04)22289111,60221,66000,66000060,407
66000C000103,"朝馬路/環中路(往工業區拍攝),Chaoma Rd/Huanzhong Rd (filming to industrial area)",120.6321,24.17034,https://motoretag.taichung.gov.tw/ATIS_TCC/Device/Showcctv?id=C000103,0,387000000A,(04)22289111,60221,66000,66000060,407
66000C000104,"朝馬路/安和路(右側車流往工業區),Chaoma Rd/Anhe Rd  (Right side Traffic flow to industrial area)",120.6222,24.17417,https://motoretag.taichung.gov.tw/ATIS_TCC/Device/Showcctv?id=C000104,0,387000000A,(04)22289111,60221,66000,66000060,407
66000C000105,豐陽路/豐勢路一段102巷(Fengyang Rd/Fengshi Rd Ln. 102),120.7244,24.25371,https://motoretag.taichung.gov.tw/ATIS_TCC/Device/Showcctv?id=C000105,0,387000000A,(04)22289111,60221,66000,66000060,407
66000C000107,"中山路/中正路(右側車流往潭子),Zhongshan Rd/Zhongzheng Rd (Right side Traffic flow to Tanzi)",120.7144,24.2511,https://motoretag.taichung.gov.tw/ATIS_TCC/Device/Showcctv?id=C000107,0,387000000A,(04)22289111,60221,66000,66000060,407
66000C000109,"中正路/博愛街(右側車流往廟東夜市),Zhongzheng Rd/Bo'ai St (Right side Traffic flow to Miaodong Night Market)",120.7207,24.25174,https://motoretag.taichung.gov.tw/ATIS_TCC/Device/Showcctv?id=C000109,0,387000000A,(04)22289111,60221,66000,66000060,407
66000C000112,大里區中興路/新仁路 (右側車流往環中東路)Zhongxing Rd./Xinren Rd..(Right side Traffic flow to Huanzhong E.Rd.),120.6899,24.11273,https://motoretag.taichung.gov.tw/ATIS_TCC/Device/Showcctv?id=C000112,0,387000000A,(04)22289111,60221,66000,66000060,407
66000C000114,"三豐路/三豐路747巷(右側車流往豐原大道),Sanfeng Rd/Ln. 747 (Right side Traffic flow to Fengyuan Blvd)",120.7206,24.26617,https://motoretag.taichung.gov.tw/ATIS_TCC/Device/Showcctv?id=C000114,0,387000000A,(04)22289111,60221,66000,66000060,407
66000C000115,"東山路/大湖巷(右側車流往大坑圓環),Dongshan Rd/Dahu Lane (Right side Traffic flow to Dakeng round about)",120.755,24.19973,https://motoretag.taichung.gov.tw/ATIS_TCC/Device/Showcctv?id=C000115,0,387000000A,(04)22289111,60221,66000,66000060,407
66000C000116,"東山路/民德橋(右側車流往大坑圓環),Dongshan Rd/Minde Bridge (Right side Traffic flow to Dakeng)",120.7762,24.1987,https://motoretag.taichung.gov.tw/ATIS_TCC/Device/Showcctv?id=C000116,0,387000000A,(04)22289111,60221,66000,66000060,407
66000C000120,"臺灣大道/台74高架橋下(右側車流往台中交流道),Taiwan Blvd/Under no.74 (Right side Traffic flow to Taichung Interchange)",120.6342,24.17283,https://motoretag.taichung.gov.tw/ATIS_TCC/Device/Showcctv?id=C000120,0,387000000A,(04)22289111,60221,66000,66000060,407
66000C000121,"臺灣大道/河南路(右側車流往文心路),Taiwan Blvd/Henan Rd (Right side Traffic flow to Wenxin Rd)",120.6405,24.1681,https://motoretag.taichung.gov.tw/ATIS_TCC/Device/Showcctv?id=C000121,0,387000000A,(04)22289111,60221,66000,66000060,407
66000C000128,"三豐路/國豐路(右側車流往豐原),Sanfeng/Guofeng Rd(Right side Traffic flow to Fengyuan)",120.7224,24.27818,https://motoretag.taichung.gov.tw/ATIS_TCC/Device/Showcctv?id=C000128,0,387000000A,(04)22289111,60221,66000,66000060,407
66000C000129,"馬場路/后科路(右側車流往后里馬場),Machang Rd/Houke Rd (Right side Traffic flow to Houli Mamaland.)",120.7321,24.29851,https://motoretag.taichung.gov.tw/ATIS_TCC/Device/Showcctv?id=C000129,0,387000000A,(04)22289111,60221,66000,66000060,407
66000C000134,"環中路/凱旋路(車流往中清路),Huanzhong Rd/Kaixuan Rd (traffic to Zhongqing Rd)",120.6475,24.19593,https://motoretag.taichung.gov.tw/ATIS_TCC/Device/Showcctv?id=C000134,0,387000000A,(04)22289111,60221,66000,66000060,407
66000C000135,"環中路/凱旋路(車流往臺灣大道),Huanzhong Rd/Kaixuan Rd (traffic to Taiwan Blvd)",120.6475,24.19654,https://motoretag.taichung.gov.tw/ATIS_TCC/Device/Showcctv?id=C000135,0,387000000A,(04)22289111,60221,66000,66000060,407
66000C000136,"環中路/大雅交流道(車流往中清路),Huanzhong Rd. / Daya IC (traffic to Zhongqing Rd.)",120.6571,24.20052,https://motoretag.taichung.gov.tw/ATIS_TCC/Device/Showcctv?id=C000136,0,387000000A,(04)22289111,60221,66000,66000060,407
66000C000138,"環中路/同榮東路(車流往中清路),Huanzhong Rd./Tongrong E. Rd. (Traffic flow to Zhongqing Rd.)",120.6652,24.20134,https://motoretag.taichung.gov.tw/ATIS_TCC/Device/Showcctv?id=C000138,0,387000000A,(04)22289111,60221,66000,66000060,407
66000C000141,"中清路三段/家樂福旁(右側車流往大雅),Sec. 3, Zhongqing Rd/Carrefour (Right side Traffic flow to Daya)",120.6521,24.2065,https://motoretag.taichung.gov.tw/ATIS_TCC/Device/Showcctv?id=C000141,0,387000000A,(04)22289111,60221,66000,66000060,407
66000C000142,"中清路/庄美街(右側車流往文心路),Zhongqing Rd/Zhuangmei Street (Right side Traffic flow to Wenxin Rd)",120.6612,24.19066,https://motoretag.taichung.gov.tw/ATIS_TCC/Device/Showcctv?id=C000142,0,387000000A,(04)22289111,60221,66000,66000060,407
66000C000143,"經貿七路/中平路(右側車流往中清路),Jingmao 7th Rd/Zhongping Rd (Right side Traffic flow to Zhongqing Rd)",120.6582,24.19272,https://motoretag.taichung.gov.tw/ATIS_TCC/Device/Showcctv?id=C000143,0,387000000A,(04)22289111,60221,66000,66000060,407
66000C000144,中科路/河南路(右側車流往文心路)Zhongke Rd./Henan Rd.(Right side Traffic flow to Wenxin Rd.),120.6551,24.17619,https://motoretag.taichung.gov.tw/ATIS_TCC/Device/Showcctv?id=C000144,0,387000000A,(04)22289111,60221,66000,66000060,407
66000C000146,環中路/中央公園北側停車場(車流往中清路)Huanzhong Rd/Central Park North Parking Lot.(Traffic flow to Zhongqing Rd),120.6498,24.19693,https://motoretag.taichung.gov.tw/ATIS_TCC/Device/Showcctv?id=C000146,0,387000000A,(04)22289111,60221,66000,66000060,407
66000C000147,文心路/河南路(右側車流往台灣大道) Wenxin Rd/Henan Rd(Right side Traffic flow to Taiwan Blvd.),120.6612,24.17172,https://motoretag.taichung.gov.tw/ATIS_TCC/Device/Showcctv?id=C000147,0,387000000A,(04)22289111,60221,66000,66000060,407
66000C000148,"經貿路/黎明路(右側車流往河南路),Jingmao Rd/ Liming Rd (Right side Traffic flow to Henan Rd)",120.655,24.19593,https://motoretag.taichung.gov.tw/ATIS_TCC/Device/Showcctv?id=C000148,0,387000000A,(04)22289111,60221,66000,66000060,407
66000C000336,北屯路/健行路口(右側車流往崇德路) Beitun Rd./Jianxing Rd.(Right side Traffic flow to Chongde Rd.),120.6912,24.15892,https://motoretag.taichung.gov.tw/ATIS_TCC/Device/Showcctv?id=C000336,0,387000000A,(04)22289111,60221,66000,66000060,407
66000C000149,"凱旋路/港隆街(右側車流往河南路),Kaixuan Rd/Ganglong St (Right side Traffic flow to Henan Rd)",120.6481,24.19547,https://motoretag.taichung.gov.tw/ATIS_TCC/Device/Showcctv?id=C000149,0,387000000A,(04)22289111,60221,66000,66000060,407
66000C000150,敦化路/凱旋路(右側車流往環中路) Dunhua Rd./Kaixuan Rd.(Right side Traffic flow to Huanzhong Rd.),120.6519,24.1852,https://motoretag.taichung.gov.tw/ATIS_TCC/Device/Showcctv?id=C000150,0,387000000A,(04)22289111,60221,66000,66000060,407
66000C000152,"河南路/凱旋路(右側車流往文心路),Henan Rd/Kaixuan Rd (Right side Traffic flow to Wenxin Rd)",120.6518,24.17614,https://motoretag.taichung.gov.tw/ATIS_TCC/Device/Showcctv?id=C000152,0,387000000A,(04)22289111,60221,66000,66000060,407
66000C000153,"敦化路/中平路(右側車流往中清路),Dunhua Rd/Zhongping Rd (Right side Traffic flow to Zhongqing Rd)",120.6636,24.18542,https://motoretag.taichung.gov.tw/ATIS_TCC/Device/Showcctv?id=C000153,0,387000000A,(04)22289111,60221,66000,66000060,407
66000C000154,"臺灣大道/惠來路(右側車流往台中交流道),Taiwan Blvd/Huilai Rd (Right side Traffic flow to Taichung Interchange)",120.6437,24.16582,https://motoretag.taichung.gov.tw/ATIS_TCC/Device/Showcctv?id=C000154,0,387000000A,(04)22289111,60221,66000,66000060,407
66000C000165,中科路/中央公園遊客中心(右側車流往環中路)Zhongke Rd./Taichung Central Park (Right side Traffic flow to Huanzhong Rd. ),120.6556,24.17973,https://motoretag.taichung.gov.tw/ATIS_TCC/Device/Showcctv?id=C000165,0,387000000A,(04)22289111,60221,66000,66000060,407
66000C000168,"臺灣大道/惠來路(右側車流往文心路),Taiwan Blvd/Huilai Rd (Right side Traffic flow to Wenxin Rd)",120.6437,24.16566,https://motoretag.taichung.gov.tw/ATIS_TCC/Device/Showcctv?id=C000168,0,387000000A,(04)22289111,60221,66000,66000060,407
66000C000178,"五權西路/向上路(右側車流往南屯交流道),Wuquan W. Rd/Wenxin Rd (Right side Traffic flow to Nantun Interchange)",120.6323,24.1456,https://motoretag.taichung.gov.tw/ATIS_TCC/Device/Showcctv?id=C000178,0,387000000A,(04)22289111,60221,66000,66000060,407
66000C000179,"中清路引道/中清路(右側車流往文心路),Zhongqing Rd Approach /Zhongqing Rd (Right side Traffic flow to Wenxin Rd)",120.6565,24.19907,https://motoretag.taichung.gov.tw/ATIS_TCC/Device/Showcctv?id=C000179,0,387000000A,(04)22289111,60221,66000,66000060,407
66000C000180,"敦化路/中清路(右側車流往經貿路),Dunhua Rd/Zhongqing Rd (Right side Traffic flow to Jingmao Rd)",120.6639,24.18547,https://motoretag.taichung.gov.tw/ATIS_TCC/Device/Showcctv?id=C000180,0,387000000A,(04)22289111,60221,66000,66000060,407
66000C000181,"中清路/文心路(右側車流往進化北路),Zhongqing Rd/Wenxin Rd (Right side Traffic flow to Jinhua N. Rd)",120.6714,24.17381,https://motoretag.taichung.gov.tw/ATIS_TCC/Device/Showcctv?id=C000181,0,387000000A,(04)22289111,60221,66000,66000060,407
66000C000182,忠明路/中清路(右側車流往崇德路) Zhongming Rd. / Zhongqing Rd.(Right side Traffic flow to Chongde Rd.),120.6744,24.16297,https://motoretag.taichung.gov.tw/ATIS_TCC/Device/Showcctv?id=C000182,0,387000000A,(04)22289111,60221,66000,66000060,407
66000C000184,中科路/敦化路(右側車流往河南路)Zhongke Rd./Dunhua Rd.( (Right side Traffic flow to Henan Rd.),120.6568,24.18472,https://motoretag.taichung.gov.tw/ATIS_TCC/Device/Showcctv?id=C000184,0,387000000A,(04)22289111,60221,66000,66000060,407
66000C000186,"五權西路/龍富路(右側車流往南屯交流道),Wuquan W. Rd/Wenxin Rd (Right side Traffic flow to Nantun Interchange)",120.6262,24.14857,https://motoretag.taichung.gov.tw/ATIS_TCC/Device/Showcctv?id=C000186,0,387000000A,(04)22289111,60221,66000,66000060,407
66000C000192,"東山路/祥順路(右側車流往大坑九號步道),Dongshan Rd / Xiangshun Rd (Right side Traffic flow to Dakeng No. 9 Trail)",120.7374,24.17847,https://motoretag.taichung.gov.tw/ATIS_TCC/Device/Showcctv?id=C000192,0,387000000A,(04)22289111,60221,66000,66000060,407
66000C000204,"太原路/環中東路東側(右側車流往北屯路),Taiyuan Rd/East side ofHuanzhong E.Rd (Right side Traffic flow to  Beitun Rd)",120.7196,24.16308,https://motoretag.taichung.gov.tw/ATIS_TCC/Device/Showcctv?id=C000204,0,387000000A,(04)22289111,60221,66000,66000060,407
66000C000205,"太原路/環中東路西側(右側車流往祥順路),Taiyuan Rd/West side of Huandong E.Rd (Right side Traffic flow to  Xiangshun Rd",120.7191,24.16311,https://motoretag.taichung.gov.tw/ATIS_TCC/Device/Showcctv?id=C000205,0,387000000A,(04)22289111,60221,66000,66000060,407
66000C000211,"環中東路/建軍二街(太原下匝道車流往東山路),Huanzhong E. Rd/Jianjun 2nd St (  to Dongshan Rd)",120.7191,24.16201,https://motoretag.taichung.gov.tw/ATIS_TCC/Device/Showcctv?id=C000211,0,387000000A,(04)22289111,60221,66000,66000060,407
66000C000212,"松竹路/環中東路(右側車流往北屯路),Songzhu Rd./Huanzhong E.Rd.(Right side Traffic flow to Beitun Rd.)",120.7215,24.18196,https://motoretag.taichung.gov.tw/ATIS_TCC/Device/Showcctv?id=C000212,0,387000000A,(04)22289111,60221,66000,66000060,407
66000C000216,"大肚區藍色公路(右側車流往自由路),Huanan Rd (Right side Traffic flow to Ziyou Rd)(夜間有電)",120.5674,24.15641,https://motoretag.taichung.gov.tw/ATIS_TCC/Device/Showcctv?id=C000216,0,387000000A,(04)22289111,60221,66000,66000060,407
66000C000217,"大肚區藍色公路橋梁(右側車流往遊園路),Huanan Rd bridge (Right side Traffic flow to Youyuan Rd)(夜間有電)",120.5613,24.15478,https://motoretag.taichung.gov.tw/ATIS_TCC/Device/Showcctv?id=C000217,0,387000000A,(04)22289111,60221,66000,66000060,407
66000C000218,"大肚區華山路(右側車流往自由路),Huashan Rd (Right side Traffic flow to Ziyou Rd)(夜間有電)",120.5523,24.16012,https://motoretag.taichung.gov.tw/ATIS_TCC/Device/Showcctv?id=C000218,0,387000000A,(04)22289111,60221,66000,66000060,407
66000C000220,南興三路/北屯路426之8巷(右側車流往松竹車站) ),120.7014,24.17833,https://motoretag.taichung.gov.tw/ATIS_TCC/Device/Showcctv?id=C000220,0,387000000A,(04)22289111,60221,66000,66000060,407
66000C000221,文心路/大墩十九街(右側車流往台灣大道) Wenxin Rd/Dadun 19th St.(Right side Traffic flow to Taiwan Blvd),120.648,24.16049,https://motoretag.taichung.gov.tw/ATIS_TCC/Device/Showcctv?id=C000221,0,387000000A,(04)22289111,60221,66000,66000060,407
66000C000222,"復興路/臺中後火車站(右側車流往台中路),Fuxing Rd/Taichung Station (Right side Traffic flow to Taichung Rd)",120.6865,24.13597,https://motoretag.taichung.gov.tw/ATIS_TCC/Device/Showcctv?id=C000222,0,387000000A,(04)22289111,60221,66000,66000060,407
66000C000223,環中路/中清路180巷(車流往崇德路)Huanzhong Rd/Zhongqing Rd Ln. 180 (Traffic flow to Chongde Rd),120.6613,24.20073,https://motoretag.taichung.gov.tw/ATIS_TCC/Device/Showcctv?id=C000223,0,387000000A,(04)22289111,60221,66000,66000060,407
66000C000224,"大智北路/復興路口(右側車流往建成路),Dazhi N. Rd/Fuxing Rd (Right side Traffic flow to Jiancheng Rd)",120.6878,24.1368,https://motoretag.taichung.gov.tw/ATIS_TCC/Device/Showcctv?id=C000224,0,387000000A,(04)22289111,60221,66000,66000060,407
66000C000339,公益路/大墩路(右側車流往環中路)Gongyi Rd./Dadun Rd. (Right side Traffic flow to Huanzhong Rd.),120.6499,24.15085,https://motoretag.taichung.gov.tw/ATIS_TCC/Device/Showcctv?id=C000339,0,387000000A,(04)22289111,60221,66000,66000060,407
66000C000225,"環中東路/東山路(右側車流往太原路),Huanzhong E.Rd/Dongshan Rd (Right side Traffic flow to  Taiyuan Rd)",120.721,24.17601,https://motoretag.taichung.gov.tw/ATIS_TCC/Device/Showcctv?id=C000225,0,387000000A,(04)22289111,60221,66000,66000060,407
66000C000226,台74 西向 松竹下匝道,120.7211,24.17497,https://motoretag.taichung.gov.tw/ATIS_TCC/Device/Showcctv?id=C000226,0,387000000A,(04)22289111,60221,66000,66000060,407
66000C000234,"敦富路/南興北一街(右側車流往潭子),Dunfu Rd/Nanxing North 1st Street (Right side Traffic flow to Tanzi)",120.7076,24.18653,https://motoretag.taichung.gov.tw/ATIS_TCC/Device/Showcctv?id=C000234,0,387000000A,(04)22289111,60221,66000,66000060,407
66000C000235,敦化路/仁平路(右側車流往經貿路)Dunhua Rd./Renping Rd. (Right side Traffic flow to Jingmao Rd.),120.6616,24.18492,https://motoretag.taichung.gov.tw/ATIS_TCC/Device/Showcctv?id=C000235,0,387000000A,(04)22289111,60221,66000,66000060,407
66000C000236,"環中路/中山路(右側車流往崇德路),Huanzhong Rd/Zhongshan Rd (Right side Traffic flow to Chongde Rd)",120.7038,24.20113,https://motoretag.taichung.gov.tw/ATIS_TCC/Device/Showcctv?id=C000236,0,387000000A,(04)22289111,60221,66000,66000060,407
66000C000237,環中路/同榮東路(車流往崇德路)Huanzhong Rd/Tongrong E.Rd (Traffic flow to Chongde Rd),120.6652,24.20076,https://motoretag.taichung.gov.tw/ATIS_TCC/Device/Showcctv?id=C000237,0,387000000A,(04)22289111,60221,66000,66000060,407
66000C000238,"經補路/東山路(右側車流往祥順路),Jingbu Rd /Dongshan Rd (Right side Traffic flow to Xiangshun Rd)",120.7337,24.17696,https://motoretag.taichung.gov.tw/ATIS_TCC/Device/Showcctv?id=C000238,0,387000000A,(04)22289111,60221,66000,66000060,407
66000C000239,"敦富路/敦富二街(右側車流往松竹路),Dunfu Rd / Dunfu Second Street (Right side Traffic flow to Songzhu Rd)",120.7078,24.18508,https://motoretag.taichung.gov.tw/ATIS_TCC/Device/Showcctv?id=C000239,0,387000000A,(04)22289111,60221,66000,66000060,407
66000C000242,"市政北七路/惠中路(右側車流往百貨商圈),Shizheng N. 7th Rd/Huizhong Rd (Right side Traffic flow to Department Store)",120.6454,24.16255,https://motoretag.taichung.gov.tw/ATIS_TCC/Device/Showcctv?id=C000242,0,387000000A,(04)22289111,60221,66000,66000060,407
66000C000243,豐陽路/豐勢路一段147巷(Fengyang Rd/Fengshi Rd Ln. 147),120.7248,24.25438,https://motoretag.taichung.gov.tw/ATIS_TCC/Device/Showcctv?id=C000243,0,387000000A,(04)22289111,60221,66000,66000060,407
66000C000244,中清路/雷中街 (右側車流往大雅交流道)Zhongqing Rd /Leizhong St (Right side Traffic flow to Daya Interchange),120.6674,24.17976,https://motoretag.taichung.gov.tw/ATIS_TCC/Device/Showcctv?id=C000244,0,387000000A,(04)22289111,60221,66000,66000060,407
66000C000246,"臺灣大道/安和路(右側車流往朝馬路),Taiwan Blvd/Anhe Rd (Right side Traffic flow to Chaoma Rd.)",120.6245,24.17873,https://motoretag.taichung.gov.tw/ATIS_TCC/Device/Showcctv?id=C000246,0,387000000A,(04)22289111,60221,66000,66000060,407
66000C000247,"惠中路/市政北七路(右側車流往臺灣大道),Huizhong Rd/Shizheng N. 7th Rd (Right side Traffic flow to Taiwan Blvd)",120.645,24.1625,https://motoretag.taichung.gov.tw/ATIS_TCC/Device/Showcctv?id=C000247,0,387000000A,(04)22289111,60221,66000,66000060,407
66000C000248,中科路/經貿五路(右側車流往環中路)Zhongke Rd./Jingmao 5th Rd.((Right side Traffic flow to Huanzhong Rd.),120.6565,24.19017,https://motoretag.taichung.gov.tw/ATIS_TCC/Device/Showcctv?id=C000248,0,387000000A,(04)22289111,60221,66000,66000060,407
66000C000250,中科路/經貿八路(右側車流往環中路) Zhongke Rd/Jingmao 8th Rd (Right side Traffic flow to Huanzhong Rd),120.6543,24.19422,https://motoretag.taichung.gov.tw/ATIS_TCC/Device/Showcctv?id=C000250,0,387000000A,(04)22289111,60221,66000,66000060,407
66000C000251,"仁愛路/旱溪東路(國4豐原聯絡道),Ren'ai Rd/Hanxi E. Rd (Right side Traffic flow to Fengyuan Access Rd)",120.7182,24.21811,https://motoretag.taichung.gov.tw/ATIS_TCC/Device/Showcctv?id=C000251,0,387000000A,(04)22289111,60221,66000,66000060,407
66000C000252,進德路/樂業二路(右側車流往復興東路) Jinde Rd./Leye 2nd Rd.(Right side Traffic flow to Fuxing E. Rd.),120.693,24.13467,https://motoretag.taichung.gov.tw/ATIS_TCC/Device/Showcctv?id=C000252,0,387000000A,(04)22289111,60221,66000,66000060,407
66000C000253,"環中路/崇德路(車流往中清路),Huanzhong Rd/Chongde Rd (traffic to Zhongqing Rd)",120.6864,24.20131,https://motoretag.taichung.gov.tw/ATIS_TCC/Device/Showcctv?id=C000253,0,387000000A,(04)22289111,60221,66000,66000060,407
66000C000254,"環中路/四平路(車流往潭子中山路),Huanzhong Rd/Siping Rd ",120.6839,24.20092,https://motoretag.taichung.gov.tw/ATIS_TCC/Device/Showcctv?id=C000254,0,387000000A,(04)22289111,60221,66000,66000060,407
66000C000255,敦化路/經貿路(右側車流往凱旋路)Dunhua Rd/Jingmao Rd (Right side Traffic flow to Kaixuan Rd),120.6582,24.18467,https://motoretag.taichung.gov.tw/ATIS_TCC/Device/Showcctv?id=C000255,0,387000000A,(04)22289111,60221,66000,66000060,407
66000C000256,"環中路/榮德路(車流往中清路),Huanzhong Rd/Rongde Rd (traffic flow to Zhongqing Rd)",120.6683,24.20122,https://motoretag.taichung.gov.tw/ATIS_TCC/Device/Showcctv?id=C000256,0,387000000A,(04)22289111,60221,66000,66000060,407
66000C000257,"五權西路/美村路(右側車流往南屯交流道),Wuquan W. Rd/Meicun Rd (Right side Traffic flow to Nantun Interchange)",120.6619,24.14007,https://motoretag.taichung.gov.tw/ATIS_TCC/Device/Showcctv?id=C000257,0,387000000A,(04)22289111,60221,66000,66000060,407
66000C000258,"公益路/文心路(右側車流往忠明南路),Gongyi Rd/Wenxin Rd (Right side Traffic flow to Zhongming S. Rd))",120.6467,24.15092,https://motoretag.taichung.gov.tw/ATIS_TCC/Device/Showcctv?id=C000258,0,387000000A,(04)22289111,60221,66000,66000060,407
66000C000259,"公益路/黎明路(右側車流往環中路),Gongyi Rd/Liming Rd (Right side Traffic flow to Huanzhong Rd)",120.6352,24.15129,https://motoretag.taichung.gov.tw/ATIS_TCC/Device/Showcctv?id=C000259,0,387000000A,(04)22289111,60221,66000,66000060,407
66000C000260,"臺灣大道/美村路(右側車流往五權路),Taiwan Blvd/Meicun Rd. (Right side Traffic flow to Wuquan Rd.)",120.6624,24.1555,https://motoretag.taichung.gov.tw/ATIS_TCC/Device/Showcctv?id=C000260,0,387000000A,(04)22289111,60221,66000,66000060,407
66000C000261,"中科路/中央公園遊客中心(右側車流往河南路),Zhongke Rd/Taichung Central Park (Right side Traffic flow to Henan Rd)",120.6556,24.17995,https://motoretag.taichung.gov.tw/ATIS_TCC/Device/Showcctv?id=C000261,0,387000000A,(04)22289111,60221,66000,66000060,407
66000C000263,中清路/雷中街 (右側車流往文心路)Zhongqing Rd /Leizhong St (Right side Traffic flow to Wenxin Rd ),120.6675,24.17961,https://motoretag.taichung.gov.tw/ATIS_TCC/Device/Showcctv?id=C000263,0,387000000A,(04)22289111,60221,66000,66000060,407
66000C000264,崇德十九路/崇德路三段(右側車流往四平路)Chongde 19th Rd/Chongde Rd (Right side Traffic flow to Siping Rd ),120.6869,24.19785,https://motoretag.taichung.gov.tw/ATIS_TCC/Device/Showcctv?id=C000264,0,387000000A,(04)22289111,60221,66000,66000060,407
66000C000265,崇德路三段/崇德十九路(右側車流往環中路)Chongde Rd/Chongde 19th Rd (Right side Traffic flow to Huanzhong Rd ),120.6865,24.19758,https://motoretag.taichung.gov.tw/ATIS_TCC/Device/Showcctv?id=C000265,0,387000000A,(04)22289111,60221,66000,66000060,407
66000C000342,"中清路/漢口路(右側車流往五權路),Zhongqing Rd./Hankou Rd.  (Right side Traffic flow to Wuquan Rd.)",120.6732,24.16707,https://motoretag.taichung.gov.tw/ATIS_TCC/Device/Showcctv?id=C000342,0,387000000A,(04)22289111,60221,66000,66000060,407
66000C000354,"三民路/精武路(右側車流往一中方向),Sanmin Rd./Jingwu Rd.(Right side Traffic flow to TCFSH) ",120.6824,24.14573,https://motoretag.taichung.gov.tw/ATIS_TCC/Device/Showcctv?id=C000354,0,387000000A,(04)22289111,60221,66000,66000060,407
66000C000266,"臺灣大道/東興路(右側車流往台中火車站),Taiwan Blvd /Dongxing Rd.(Right side Traffic flow to Taichung Station)",120.6559,24.15921,https://motoretag.taichung.gov.tw/ATIS_TCC/Device/Showcctv?id=C000266,0,387000000A,(04)22289111,60221,66000,66000060,407
66000C000267,"環中路/中科路(車流往臺灣大道) ,Huanzhong Rd./Zhongke Rd.( Traffic flow to  Taiwan Blvd)",120.6521,24.19839,https://motoretag.taichung.gov.tw/ATIS_TCC/Device/Showcctv?id=C000267,0,387000000A,(04)22289111,60221,66000,66000060,407
66000C000268,"臺灣大道/建國路(右側車流往文心路),Taiwan Blvd/ Jianguo Rd.(Right side Traffic flow to Wenxin Rd.)",120.6848,24.13765,https://motoretag.taichung.gov.tw/ATIS_TCC/Device/Showcctv?id=C000268,0,387000000A,(04)22289111,60221,66000,66000060,407
66000C000269,文心路/公益路(右側車流往向上路) Wenxin Rd./Gongyi Rd.( Right side Traffic flow to Xiangshang Rd.),120.6467,24.15111,https://motoretag.taichung.gov.tw/ATIS_TCC/Device/Showcctv?id=C000269,0,387000000A,(04)22289111,60221,66000,66000060,407
66000C000270,"高鐵東路/高鐵五路(右側車流往台74),Gaotie E. Rd.、Gaotie 5rd Rd.(Right side Traffic flow to Expressway no.74)",120.6188,24.11609,https://motoretag.taichung.gov.tw/ATIS_TCC/Device/Showcctv?id=C000270,0,387000000A,(04)22289111,60221,66000,66000060,407
66000C000271,"中平路/敦化路(右側車流往黎明路),Zhongping Rd /Dunhua Rd (Right side Traffic flow to Jingmao Rd)",120.6636,24.18525,https://motoretag.taichung.gov.tw/ATIS_TCC/Device/Showcctv?id=C000271,0,387000000A,(04)22289111,60221,66000,66000060,407
66000C000272,文心南路/文心南五路(右側車流往五權西路)Wenxin S. Rd./Wenxin S. 5th Rd.(Right side Traffic flow to Wuquan W. Rd.),120.6465,24.13203,https://motoretag.taichung.gov.tw/ATIS_TCC/Device/Showcctv?id=C000272,0,387000000A,(04)22289111,60221,66000,66000060,407
66000C000273,"北屯路/進化北路(右側車流往文心路),Beitun Rd./ Jinhua N. Rd.(Right side Traffic flow to Wenxin Rd.)",120.6927,24.16199,https://motoretag.taichung.gov.tw/ATIS_TCC/Device/Showcctv?id=C000273,0,387000000A,(04)22289111,60221,66000,66000060,407
66000C000274,環中路/松竹路(右側車流往中清路)Huanzhong Rd. /Songzhu Rd.(Right side Traffic flow to Zhongqing Rd.),120.6711,24.20123,https://motoretag.taichung.gov.tw/ATIS_TCC/Device/Showcctv?id=C000274,0,387000000A,(04)22289111,60221,66000,66000060,407
66000C000275,環中路/昌平路(右側車流往中清路)/Huanzhong Rd./Changping Rd . (Right side Traffic flow to Zhongqing Rd.),120.6766,24.2012,https://motoretag.taichung.gov.tw/ATIS_TCC/Device/Showcctv?id=C000275,0,387000000A,(04)22289111,60221,66000,66000060,407
66000C000276,"黎明路/經貿路(右側車流往中清路),Liming Rd./Jingmao Rd. (Right side Traffic flow to Zhongqing Rd.)",120.6549,24.19576,https://motoretag.taichung.gov.tw/ATIS_TCC/Device/Showcctv?id=C000276,0,387000000A,(04)22289111,60221,66000,66000060,407
66000C000277,中清路/后庄路(右側車流往文心路)Zhongqing Rd./Houzhuang Rd.(Right side Traffic flow to Wenxin Rd.),120.6625,24.18851,https://motoretag.taichung.gov.tw/ATIS_TCC/Device/Showcctv?id=C000277,0,387000000A,(04)22289111,60221,66000,66000060,407
66000C000278,中清路/中清聯絡道大雅端 (右側車流往環中路) Zhongqing Rd. (Right side Traffic flow to Huanzhong Rd.),120.6504,24.21098,https://motoretag.taichung.gov.tw/ATIS_TCC/Device/Showcctv?id=C000278,0,387000000A,(04)22289111,60221,66000,66000060,407
66000C000279,后庄北路/中清路(右側車流往松竹路)Houzhuang N. Rd./Zhongqing Rd.( (Right side Traffic flow to Songzhu Rd.),120.662,24.18952,https://motoretag.taichung.gov.tw/ATIS_TCC/Device/Showcctv?id=C000279,0,387000000A,(04)22289111,60221,66000,66000060,407
66000C000280,松竹路/松竹二路(右側車流往環中東路 )Songzhu Rd./Songzhu 2nd Rd.(Right side Traffic flow to  Huanzhong E.Rd.),120.7179,24.18227,https://motoretag.taichung.gov.tw/ATIS_TCC/Device/Showcctv?id=C000280,0,387000000A,(04)22289111,60221,66000,66000060,407
66000C000281,環中東路/松竹路 (車流往東山路)Huanzhong E.Rd./Songzhu Rd.(Traffic flow to  Dongshan Rd.),120.7215,24.18206,https://motoretag.taichung.gov.tw/ATIS_TCC/Device/Showcctv?id=C000281,0,387000000A,(04)22289111,60221,66000,66000060,407
66000C000282,"松竹路/松竹一路(右側車流往環中東路),Songzhu Rd/Songzhu 1st Rd.( Right side Traffic flow to Huanzhong E.Rd.)",120.7243,24.18127,https://motoretag.taichung.gov.tw/ATIS_TCC/Device/Showcctv?id=C000282,0,387000000A,(04)22289111,60221,66000,66000060,407
66000C000285,中山路/市民大道一段620巷(右側車流往環中東路)Zhongshan Rd./Zhongshan Dist.Ln.620 .(Traffic flow to Huanzhong E.Rd.),120.7129,24.14971,https://motoretag.taichung.gov.tw/ATIS_TCC/Device/Showcctv?id=C000285,0,387000000A,(04)22289111,60221,66000,66000060,407
66000C000286,"中山路/樹孝路(右側車流往環中東路)Zhongshan Rd./Shuxiao Rd. (Right side Traffic flow to,Huanzhong E.Rd.)",120.7161,24.14881,https://motoretag.taichung.gov.tw/ATIS_TCC/Device/Showcctv?id=C000286,0,387000000A,(04)22289111,60221,66000,66000060,407
66000C000287,松竹路/環中路(右側車流往崇德路) Songzhu Rd./Huanzhong Rd. (Right side Traffic flow to Chongde Rd.),120.671,24.20066,https://motoretag.taichung.gov.tw/ATIS_TCC/Device/Showcctv?id=C000287,0,387000000A,(04)22289111,60221,66000,66000060,407
66000C000288,民權路/柳川東路(右側車流往向上路)Minquan Rd./ Liuchuan E. Rd.( Right side Traffic flow to Xiangshang Rd.),120.6759,24.14136,https://motoretag.taichung.gov.tw/ATIS_TCC/Device/Showcctv?id=C000288,0,387000000A,(04)22289111,60221,66000,66000060,407
66000C000289,臺灣大道/柳川西路(右側車流往建國路)Taiwan Blvd/Liuchuan W. Rd.(Right side Traffic flow to Jianguo Rd.),120.6775,24.1442,https://motoretag.taichung.gov.tw/ATIS_TCC/Device/Showcctv?id=C000289,0,387000000A,(04)22289111,60221,66000,66000060,407
66000C000290,"三民路二段/成功路(右側車流往建國北路),Sec. 2, Sanmin Rd./Chenggong Rd.(Right side Traffic flow to Jianguo N. Rd.)",120.6802,24.14307,https://motoretag.taichung.gov.tw/ATIS_TCC/Device/Showcctv?id=C000290,0,387000000A,(04)22289111,60221,66000,66000060,407
66000C000291,"崇德路二段/文心路四段(右側車流往進化北路),Sec. 2, Chongde Rd/Sec. 4, Wenxin Rd(Right side Traffic flow to Jinhua N. Rd)",120.6855,24.1722,https://motoretag.taichung.gov.tw/ATIS_TCC/Device/Showcctv?id=C000291,0,387000000A,(04)22289111,60221,66000,66000060,407
66000C000292,環中路/凱旋路(車流往中清路) Huanzhong Rd./Kaixuan Rd.(traffic to Zhongqing Rd.),120.6478,24.19609,https://motoretag.taichung.gov.tw/ATIS_TCC/Device/Showcctv?id=C000292,0,387000000A,(04)22289111,60221,66000,66000060,407
66000C000293,建國北路/大慶街(右側車流往環中路) Jianguo N. Rd./Daqing St.(Right side Traffic flow to Huanzhong Rd.),120.6485,24.11963,https://motoretag.taichung.gov.tw/ATIS_TCC/Device/Showcctv?id=C000293,0,387000000A,(04)22289111,60221,66000,66000060,407
66000C000344,中清路/健行路 (右側車流往五權路) Zhongqing Rd./Jianxing Rd.(Right side Traffic flow to Wuquan Rd.),120.6757,24.15938,https://motoretag.taichung.gov.tw/ATIS_TCC/Device/Showcctv?id=C000344,0,387000000A,(04)22289111,60221,66000,66000060,407
66000C000294,三民路/育才街(右側車流往公園路) Sanmin Rd./Yucai St.(Right side Traffic flow to Gongyuan Rd.),120.6843,24.15001,https://motoretag.taichung.gov.tw/ATIS_TCC/Device/Showcctv?id=C000294,0,387000000A,(04)22289111,60221,66000,66000060,407
66000C000295,文心南路/文心南六路(右側車流往五權西路)Wenxin S. Rd./ Wenxin S. 6th Rd.(Right side Traffic flow to Wuquan W. Rd.),120.6463,24.13083,https://motoretag.taichung.gov.tw/ATIS_TCC/Device/Showcctv?id=C000295,0,387000000A,(04)22289111,60221,66000,66000060,407
66000C000296,文心南五路/文心南路(右側車流往黎明路) Wenxin S. 5th Rd./Wenxin S. Rd.(Right side Traffic flow to Liming Rd.),120.6467,24.13203,https://motoretag.taichung.gov.tw/ATIS_TCC/Device/Showcctv?id=C000296,0,387000000A,(04)22289111,60221,66000,66000060,407
66000C000297,洲際路/豐樂一街(右側車流往四平路)Zhouji Rd./Fengle 1st St. (Right side Traffic flow to Siping Rd.),120.6805,24.19948,https://motoretag.taichung.gov.tw/ATIS_TCC/Device/Showcctv?id=C000297,0,387000000A,(04)22289111,60221,66000,66000060,407
66000C000298,松竹路/環中東路(右側車流往太原路) Songzhu Rd./Huanzhong E.Rd.(Right side Traffic flow to Taiyuan Rd.),120.7214,24.18179,https://motoretag.taichung.gov.tw/ATIS_TCC/Device/Showcctv?id=C000298,0,387000000A,(04)22289111,60221,66000,66000060,407
66000C000299,環中路/廣福路(右側車流往台灣大道),120.6441,24.19472,https://motoretag.taichung.gov.tw/ATIS_TCC/Device/Showcctv?id=C000299,0,387000000A,(04)22289111,60221,66000,66000060,407
66000C000300,"黎明路/廣福路(車流往中清路),Jingmao Rd/Guangfu Rd (Right side Traffic flow to Zhongqing Rd)",120.6455,24.19239,https://motoretag.taichung.gov.tw/ATIS_TCC/Device/Showcctv?id=C000300,0,387000000A,(04)22289111,60221,66000,66000060,407
66000C000301,凱旋路/黎明路(右側車流往環中路) Kaixuan Rd./Liming Rd. (Right side Traffic flow to Huanzhong Rd.) ,120.6489,24.19378,https://motoretag.taichung.gov.tw/ATIS_TCC/Device/Showcctv?id=C000301,0,387000000A,(04)22289111,60221,66000,66000060,407
66000C000302,"五權路/復興路(右側車流往建國北路),Wuquan Rd/Fuxing Rd.(Right side Traffic flow to Jianguo N. Rd.)",120.6689,24.12882,https://motoretag.taichung.gov.tw/ATIS_TCC/Device/Showcctv?id=C000302,0,387000000A,(04)22289111,60221,66000,66000060,407
66000C000303,太平路/甲堤路(右側車流往環中東路)Taiping Rd./Jiati Rd.(Right side Traffic flow to Huanzhong E. Rd.),120.7072,24.12909,https://motoretag.taichung.gov.tw/ATIS_TCC/Device/Showcctv?id=C000303,0,387000000A,(04)22289111,60221,66000,66000060,407
66000C000304,精武路/旱溪東路(右側車流往進化路)Jingwu Rd./Hanxi E. Rd. (Right side Traffic flow to Jinhua Rd.),120.7006,24.148,https://motoretag.taichung.gov.tw/ATIS_TCC/Device/Showcctv?id=C000304,0,387000000A,(04)22289111,60221,66000,66000060,407
66000C000306,中科路/經貿七路 (右側車流往環中路)Zhongke Rd./Jingmao 7th Rd.(Right side Traffic flow to Huanzhong Rd.),120.6564,24.19188,https://motoretag.taichung.gov.tw/ATIS_TCC/Device/Showcctv?id=C000306,0,387000000A,(04)22289111,60221,66000,66000060,407
66000C000307,凱旋路/大鵬路(右側車流往凱旋七街) Kaixuan Rd./Dapeng Rd. (Right side Traffic flow to  Kaixuan 7th street),120.6518,24.17821,https://motoretag.taichung.gov.tw/ATIS_TCC/Device/Showcctv?id=C000307,0,387000000A,(04)22289111,60221,66000,66000060,407
66000C000308,凱旋路/經貿五路(車流往敦化路)Kaixuan Rd./Jingmao 5th Rd.((Right side Traffic flow to Dunhua Rd.),120.6505,24.19097,https://motoretag.taichung.gov.tw/ATIS_TCC/Device/Showcctv?id=C000308,0,387000000A,(04)22289111,60221,66000,66000060,407
66000C000309,大鵬路/中科路(右側車流往中清路) Dapeng Rd./Zhongke Rd. (Right side Traffic flow to Zhongqing Rd.),120.6554,24.17817,https://motoretag.taichung.gov.tw/ATIS_TCC/Device/Showcctv?id=C000309,0,387000000A,(04)22289111,60221,66000,66000060,407
66000C000310,大鵬路/經貿路(右側車流往凱旋路) Dapeng Rd./Jingmao Rd. (Right side Traffic flow to Kaixuan Rd.),120.6589,24.17821,https://motoretag.taichung.gov.tw/ATIS_TCC/Device/Showcctv?id=C000310,0,387000000A,(04)22289111,60221,66000,66000060,407
66000C000311,甘肅路/甘河路(右側車流往文心路) Gansu Rd./Ganhe Rd. (Right side Traffic flow to Wenxin Rd.),120.6555,24.17385,https://motoretag.taichung.gov.tw/ATIS_TCC/Device/Showcctv?id=C000311,0,387000000A,(04)22289111,60221,66000,66000060,407
66000C000312,經貿路/經貿五路(右側車流往黎明路) Jingmao Rd./Jingmao 5th Rd (Right side Traffic flow to Liming Rd.),120.6576,24.19018,https://motoretag.taichung.gov.tw/ATIS_TCC/Device/Showcctv?id=C000312,0,387000000A,(04)22289111,60221,66000,66000060,407
66000C000313,文心路/甘肅路(右側車流往河南路) Wenxin Rd./Gansu Rd. (Right side Traffic flow to Henan Rd.),120.656,24.16946,https://motoretag.taichung.gov.tw/ATIS_TCC/Device/Showcctv?id=C000313,0,387000000A,(04)22289111,60221,66000,66000060,407
66000C000314,中科路/黎明路(右側車流往經貿五路) Zhongke Rd./Liming Rd. (Right side Traffic flow to Jingmao 5th Rd.),120.6533,24.19546,https://motoretag.taichung.gov.tw/ATIS_TCC/Device/Showcctv?id=C000314,0,387000000A,(04)22289111,60221,66000,66000060,407
66000C000315,"經貿路/經貿七路(監控經貿8地停車場),Jingmao Rd./Jingmao 7th Rd. ",120.6572,24.19246,https://motoretag.taichung.gov.tw/ATIS_TCC/Device/Showcctv?id=C000315,0,387000000A,(04)22289111,60221,66000,66000060,407
66000C000316,大里區中山路（台74草湖匝道旁）,120.6822,24.0791,https://motoretag.taichung.gov.tw/ATIS_TCC/Device/Showcctv?id=C000316,0,387000000A,(04)22289111,60221,66000,66000060,407
66000C000317,崇德十九路/豐樂一街(右側車流往崇德路) Chongde 19th Rd./Fengle 1st St. (Right side Traffic flow to Chongde Rd.),120.6805,24.19788,https://motoretag.taichung.gov.tw/ATIS_TCC/Device/Showcctv?id=C000317,0,387000000A,(04)22289111,60221,66000,66000060,407
66000C000318,"四平路/四平路568巷(右側車流往環中路) Siping Rd./Ln. 568, Siping Rd.(Right side Traffic flow to Huanzhong Rd.)",120.6832,24.19719,https://motoretag.taichung.gov.tw/ATIS_TCC/Device/Showcctv?id=C000318,0,387000000A,(04)22289111,60221,66000,66000060,407
66000C000319,經貿路/經貿八路(右側車流往河南路) Jingmao Rd./Jingmao 8th Rd.(Right side Traffic flow to Henan Rd.),120.6562,24.19395,https://motoretag.taichung.gov.tw/ATIS_TCC/Device/Showcctv?id=C000319,0,387000000A,(04)22289111,60221,66000,66000060,407
66000C000320,環中路/四平路(往崇德路-路口後)(內側)Huanzhong Rd./Siping Rd.,120.6832,24.20092,https://motoretag.taichung.gov.tw/ATIS_TCC/Device/Showcctv?id=C000320,0,387000000A,(04)22289111,60221,66000,66000060,407
66000C000321,環中路/四平路(往中清路-路口後)(內側)Huanzhong Rd./Siping Rd.,120.6833,24.20125,https://motoretag.taichung.gov.tw/ATIS_TCC/Device/Showcctv?id=C000321,0,387000000A,(04)22289111,60221,66000,66000060,407
66000C000322,環中路/中山路(往旱溪-路口前)(內側)Huanzhong Rd./Zhongshan Rd.,120.7032,24.20081,https://motoretag.taichung.gov.tw/ATIS_TCC/Device/Showcctv?id=C000322,0,387000000A,(04)22289111,60221,66000,66000060,407
66000C000323,新社區興中街華豐街口 Xingzhong St./Huafeng St.,120.8033,24.21117,https://motoretag.taichung.gov.tw/ATIS_TCC/Device/Showcctv?id=C000323,0,387000000A,(04)22289111,60221,66000,66000060,407
66000C000324,新社中興嶺圓環Zhongxingling Roundabout,120.7944,24.20584,https://motoretag.taichung.gov.tw/ATIS_TCC/Device/Showcctv?id=C000324,0,387000000A,(04)22289111,60221,66000,66000060,407
66000C000325,新社區華豐街協興街口 Huafeng St./Xiexing St.,120.816,24.20274,https://motoretag.taichung.gov.tw/ATIS_TCC/Device/Showcctv?id=C000325,0,387000000A,(04)22289111,60221,66000,66000060,407
66000C000331,"新社興中街/協中街,Xinshe Dist Xingzhong St./Xiezhong St.(Right side Traffic flow to Dongshi)",120.7976,24.20271,https://motoretag.taichung.gov.tw/ATIS_TCC/Device/Showcctv?id=C000331,0,387000000A,(04)22289111,60221,66000,66000060,407
66000C000345,健行路/崇德路 (右側車流往北屯路) Jianxing Rd./Chongde Rd.(Right side Traffic flow to Beitun Rd.),120.6846,24.15921,https://motoretag.taichung.gov.tw/ATIS_TCC/Device/Showcctv?id=C000345,0,387000000A,(04)22289111,60221,66000,66000060,407
66000C000347,環中路/西屯路(車流往中清路) Huanzhong Rd./Xitun Rd. (Traffic flow to Zhongqing Rd.),120.6358,24.18198,https://motoretag.taichung.gov.tw/ATIS_TCC/Device/Showcctv?id=C000347,0,387000000A,(04)22289111,60221,66000,66000060,407
66000C000385,"向上路/河南路 (右側車流往環中路),Xiangshang Rd./Henan Rd.(Right side Traffic flow to Huanzhong Rd.)",120.6383,24.14707,https://motoretag.taichung.gov.tw/ATIS_TCC/Device/Showcctv?id=C000385,0,387000000A,(04)22289111,60221,66000,66000060,407
66000C000386,"南京路/雙十路(右側車流往建成路) Nanjing Rd./,Shuangshi Rd. (Right side Traffic flow to Jiancheng Rd.)",120.6858,24.14007,https://motoretag.taichung.gov.tw/ATIS_TCC/Device/Showcctv?id=C000386,0,387000000A,(04)22289111,60221,66000,66000060,407
66000C000399,高鐵五路/站區二路(右側車流往高鐵東路)Gaotie 5th Rd./Zhanqu 2nd Rd.(.(Right side Traffic flow to Gaotie E. Rd.),120.6158,24.11622,https://motoretag.taichung.gov.tw/ATIS_TCC/Device/Showcctv?id=C000399,0,387000000A,(04)22289111,60221,66000,66000060,407
66000C000411,"五權路/中清路(右側車流往崇德路方向),Wuquan W. Rd./Zhongqing Rd.(Right side Traffic flow to Chongde Rd.)",120.6772,24.15125,https://motoretag.taichung.gov.tw/ATIS_TCC/Device/Showcctv?id=C000411,0,387000000A,(04)22289111,60221,66000,66000060,407
